ltable_id,rtable_id,label
581,17384,0
1502,3825,0
337,20538,0
53,13427,0
1560,3823,0
2019,18973,0
2422,1257,0
155,3446,1
261,5192,1
25,12,0
483,1149,0
376,9389,1
1564,12948,0
23,19216,0
417,17561,0
1241,18557,0
1424,11809,0
1532,14949,0
978,19689,0
576,18443,0
99,14509,0
1136,18198,0
753,8205,0
2251,14404,0
700,17837,0
284,2675,1
725,18405,0
2475,15249,0
1605,17203,0
887,4725,0
967,18152,0
1070,2487,0
1178,17561,0
2363,21870,0
1531,17126,0
462,6745,0
1979,12918,0
934,7701,0
2525,3683,0
1952,7748,0
561,19011,0
2253,1302,0
6,12999,0
1443,12276,0
2224,10744,0
2090,19908,0
2133,5374,0
978,2340,0
2115,21933,0
1513,5543,0
1363,11757,0
444,18601,0
2546,17381,0
2430,14687,0
2305,5249,0
1816,9056,0
1689,7512,0
673,15183,0
1192,6608,0
2433,17845,0
1069,15015,0
1761,6603,0
2210,16870,0
1454,6767,0
1205,8312,0
1792,10466,0
144,9986,0
1162,16958,0
852,20429,0
215,10599,0
693,18678,0
1963,1019,0
2549,18325,0
2487,19713,0
2472,8791,0
2018,20646,0
278,17506,0
2082,4739,0
2548,18724,0
896,10529,0
2089,683,0
65,1172,0
2088,17263,1
967,17837,0
16,15183,0
1454,5936,0
920,3246,1
742,12764,0
678,8962,1
497,16327,0
547,15266,0
1269,15877,0
8,10248,0
195,9264,0
967,18153,0
672,12918,0
1934,1584,0
81,20177,0
312,13298,0
2471,8786,0
2229,2872,0
1206,20035,0
1530,19350,0
1825,14124,0
2431,21935,0
67,114,0
1067,16597,0
2019,18077,0
1850,17841,0
1217,5249,1
41,2881,0
305,3320,0
2230,12949,1
2166,12194,0
25,14931,0
1699,16518,0
255,2964,0
2305,3099,0
1090,17550,0
1342,1338,0
1465,2872,0
2430,6743,0
719,6972,1
679,13325,0
582,8235,0
2504,6740,0
2220,20715,0
324,6458,0
2305,15216,0
528,15197,0
56,14402,0
2260,16460,0
2515,4424,1
1701,14065,0
1257,6750,0
2365,22058,0
576,12474,0
417,17837,0
2361,6750,0
2297,10745,0
378,16907,0
1535,18999,1
565,20075,0
2349,21423,0
708,13094,0
2517,8764,0
678,2999,0
975,11438,0
615,12450,0
678,20733,0
1863,2842,0
2020,806,0
889,10725,0
1688,16431,0
1298,19922,0
697,17562,0
2149,10786,0
1242,3140,0
722,12494,0
2055,21962,0
218,1089,0
1809,20067,0
1435,20813,0
818,6917,0
2332,9734,0
1570,14952,0
1405,6997,0
1511,4526,0
1607,13172,1
737,2262,0
1246,10334,0
2349,8252,0
208,12738,0
1432,15919,0
1506,17571,0
2436,6692,0
2116,12600,0
2430,17837,0
794,6139,0
280,16910,0
565,651,0
2216,5771,0
2253,11265,1
932,20657,0
65,13852,0
219,12693,0
397,4862,0
2461,7244,0
2230,12450,0
2237,20493,0
248,1688,0
29,6033,0
739,11687,1
896,4855,0
1342,21065,0
1349,4659,1
753,1595,0
382,18644,0
1016,20224,0
2484,5383,0
2305,4469,0
2424,15449,0
1169,9327,0
1796,6590,0
2160,9858,1
918,6137,0
2116,12589,0
878,998,0
1850,4883,0
2323,16958,0
2091,11566,0
621,698,0
137,19728,0
2471,21811,0
1060,13427,0
1191,9441,0
2457,17144,0
2305,21369,0
2069,2622,0
2297,11014,0
671,16444,0
1145,10786,0
1296,13427,0
2283,1733,0
509,5740,0
1382,8605,0
2293,10546,0
456,10915,0
1657,16332,1
2405,12,0
618,19655,0
2508,11582,1
81,16605,0
2351,20785,0
2193,9730,1
1531,3072,0
944,21757,0
1296,14687,0
747,13170,0
337,19585,0
1699,18399,0
2201,7699,0
790,1904,0
399,19744,0
320,8795,0
348,1189,0
1271,13293,0
25,6983,0
1511,4520,0
1316,5930,0
149,8939,0
1712,18007,0
1502,14348,0
315,7699,0
1367,5637,0
1984,9928,0
32,2820,0
2424,3505,0
1211,242,0
56,8868,0
1284,1338,0
2101,3885,0
2305,3276,0
2472,806,0
1408,20253,0
1536,14015,0
625,17837,0
1120,17504,0
1559,17636,0
1257,19011,0
162,18349,0
1959,4728,0
2126,21494,0
2405,20448,0
525,14462,0
398,16514,1
2389,17892,0
399,2708,0
2510,11287,0
1605,21693,0
2394,13252,0
1704,16231,1
732,17636,0
1959,801,0
572,4643,0
1260,19809,0
2389,2818,0
2389,805,0
2297,4739,0
1719,7246,0
672,14822,0
755,11851,0
2541,14698,0
215,20664,0
820,7079,0
99,14506,0
305,14227,0
595,14869,1
131,1150,0
428,5118,0
2237,7482,0
2119,683,0
95,8669,0
1103,14719,0
705,12896,0
988,18787,0
1007,19065,0
2341,9089,0
1877,2927,1
2264,14656,0
889,19565,0
1934,1585,0
1121,11696,0
821,10528,0
239,12651,0
1631,7141,0
1868,4494,1
740,5293,0
2082,11014,0
2107,4292,0
244,9288,0
1927,2949,0
700,18443,0
742,2793,0
1246,3682,0
1508,18647,0
883,10986,0
1373,6808,0
934,13148,1
1241,20224,0
1413,8763,0
2018,19344,0
1125,8267,1
2439,10806,0
2546,17184,0
1888,10727,0
1418,335,0
626,6743,0
1316,9990,0
2128,17144,0
1888,4711,0
1169,9325,0
2159,17899,1
1875,13348,0
1761,21432,0
828,6908,0
2293,635,0
1959,9734,0
1851,7385,0
702,11013,0
2332,14687,0
821,609,0
889,8763,0
853,7686,0
944,8245,0
123,9162,0
634,928,0
561,820,0
1247,7564,0
2349,2809,0
1927,3098,0
50,2013,0
693,17702,0
53,4728,0
557,13220,0
594,20843,1
1296,19283,0
1077,11884,1
2430,16333,0
1429,10077,0
1784,11403,1
175,6876,0
512,10588,0
2033,6562,0
219,2725,0
65,11130,0
1454,19570,0
967,14707,0
2242,16750,0
448,13174,0
195,21109,0
2305,10515,1
2139,101,1
2472,805,0
1502,2613,0
1067,9064,0
500,587,0
1932,9095,1
1103,15763,0
1425,10754,0
1701,3532,0
2260,21498,0
537,790,1
786,12785,0
101,622,0
2472,16608,0
514,14881,1
429,11241,0
186,1929,0
740,17812,0
1688,16699,0
1699,18048,0
1672,19690,0
678,6938,0
2481,15534,0
519,14264,0
1571,4739,0
102,7764,0
2394,4019,0
1630,4836,0
1879,8607,0
1931,14587,0
1066,12284,0
1802,15678,0
1067,4725,0
417,801,0
1438,7441,0
998,13256,0
2077,11226,0
1600,6444,0
1656,10728,0
305,5266,0
1154,7259,0
2000,4232,0
226,2943,0
99,6552,0
1560,19964,0
1354,18778,0
2422,7225,0
1251,3580,0
1316,13913,0
532,6032,0
1098,11745,0
2260,20247,0
1927,21952,0
2541,1306,0
64,2299,0
2349,14177,0
2332,18507,0
918,8099,0
1931,15249,0
13,7532,0
1809,16909,0
1893,13849,0
1530,16938,0
179,7721,0
1882,7904,0
896,14737,0
2538,21292,0
626,304,0
1091,10988,0
1809,17506,0
448,13173,1
864,5880,0
2418,7679,1
700,806,0
104,3583,0
1429,4048,0
2535,14177,0
284,14570,0
599,549,0
1016,18556,0
528,15198,0
751,3527,0
1296,18443,0
838,8687,0
458,15292,0
2263,14903,0
2462,8175,1
294,15485,0
79,13520,0
2341,15015,0
1720,20799,0
722,12496,0
618,6382,0
382,12586,0
469,18656,0
211,6270,0
2389,18443,0
1365,14487,0
2337,1384,0
2231,17839,1
467,18785,0
625,21693,0
101,2588,0
2349,206,0
266,6381,0
2517,14668,0
2322,8451,0
366,21964,0
339,7584,0
935,929,0
571,15299,0
429,7263,0
661,625,0
458,13307,0
244,6742,0
99,14511,0
700,286,0
1594,3901,0
2389,13427,0
195,6337,0
1295,510,0
792,12866,0
1284,5266,0
1564,12950,0
1776,15489,1
1525,8562,0
1342,9327,0
967,18443,0
1010,1096,0
2409,11714,1
2063,5068,0
65,3177,0
2220,12781,0
95,18732,0
2142,13934,1
757,12382,0
176,1284,0
1999,9557,0
856,17506,0
2405,13009,0
681,4619,0
280,17184,0
1688,18184,0
2391,11013,0
2504,18153,0
1440,12635,0
669,12490,1
1673,15262,0
531,8697,0
1796,20076,0
176,14736,0
1403,8024,0
466,17186,0
1269,7953,0
466,16597,0
2265,21530,0
1827,2581,0
15,4282,1
1282,4376,0
1850,16323,0
1681,21603,0
2430,805,0
2196,17366,1
559,20713,1
640,18863,0
1686,19624,0
2507,11049,0
904,18760,0
226,5311,0
1656,12766,0
1519,20211,0
1129,12649,0
1809,19780,0
742,2789,0
2149,873,0
2343,1609,0
1285,20080,0
2002,6980,0
399,713,1
29,15994,0
2082,6749,0
95,6983,0
1608,11490,0
636,20343,0
625,20429,0
2538,206,0
2472,6743,0
1348,3244,0
900,14328,0
1851,12453,0
1796,6587,0
1172,16647,0
1813,1607,1
1229,5842,1
1257,13427,0
1363,7758,0
50,16936,0
1545,21374,1
1283,12522,0
356,9141,0
2342,6559,0
1067,9063,0
925,2262,0
1661,2482,0
1977,13020,0
465,15263,0
1708,17400,0
1342,9323,0
944,2516,0
1536,7206,0
1151,18330,1
397,4859,0
2507,5038,1
2389,18200,0
2090,14587,0
2341,7893,1
2389,18507,0
1016,17238,0
199,7530,0
1426,6182,0
2412,121,0
856,16597,0
1699,17616,0
1927,854,0
1542,14055,0
2389,17837,0
1131,10180,0
22,232,0
2323,17390,0
1595,15389,0
305,1338,0
1631,3177,0
889,8764,0
1522,18457,0
1423,9727,1
123,818,0
22,16504,0
334,725,0
547,17256,0
2147,12293,0
1959,20429,0
805,6310,0
2507,16183,0
1608,3271,0
1508,636,0
576,18152,0
79,17237,0
661,9985,0
1001,8678,0
832,5272,0
2274,8262,0
1145,10785,0
1178,14680,0
1701,14272,0
1681,1331,0
1092,5776,0
967,20121,0
1646,13032,0
2164,13943,0
824,6477,0
1507,14635,0
1240,1303,0
2371,20993,0
2246,16773,0
1699,20801,0
2464,13686,0
660,10398,0
1258,14686,0
688,10791,0
1602,10608,1
201,5536,0
2548,1648,0
528,11226,0
753,14306,0
769,6362,1
978,18187,0
339,13561,0
417,14680,0
709,3126,0
1695,16901,0
1997,12451,1
1169,3320,0
803,4121,1
1583,11970,0
2430,286,0
1360,15776,0
2510,21469,0
278,20657,0
1229,14620,0
1809,9063,0
944,772,0
2018,5204,0
1487,888,0
2088,15396,0
299,4642,0
1454,10760,1
1987,8946,0
2229,14755,1
2220,10752,0
2030,20736,0
1910,11826,0
1136,17380,0
719,5771,0
2549,17704,0
1529,21793,0
102,15715,0
320,10822,0
2361,18200,0
53,20429,0
801,13029,1
688,20564,0
2379,264,1
2090,15249,0
1242,13108,0
1893,8667,0
2438,9876,0
2542,9161,0
2020,6740,0
1429,16040,0
218,5037,0
547,13271,0
362,18768,0
1987,16252,1
1927,11278,0
2149,10791,0
1029,16791,1
2192,3016,0
2481,6885,1
117,9322,0
2293,14509,0
2471,18153,0
2436,760,0
424,8534,1
509,7771,0
1037,12044,0
1701,19646,0
1611,14615,0
2260,189,0
1955,20238,0
1944,828,1
1932,3063,0
700,21811,0
547,17255,0
1673,1317,0
1296,21811,0
1252,11617,0
1534,1089,0
429,5217,0
1228,5477,0
187,19020,0
1413,8826,0
1872,6324,0
2019,17754,0
1080,14454,1
944,11968,0
688,10786,0
2249,7204,0
500,8565,0
814,17186,0
1242,8985,0
22,6954,0
1321,21461,0
53,2819,0
584,965,1
1564,8934,0
897,9515,0
1016,18303,0
275,20623,0
1426,760,0
2430,2819,0
99,635,0
29,8070,0
2389,14701,0
793,12098,0
934,8667,0
1405,20324,0
2361,6740,0
485,363,0
1641,15009,1
84,9610,0
626,18152,0
889,118,0
2397,10117,1
1197,20774,0
22,17882,0
1129,6601,0
1581,12464,0
1945,13413,0
324,556,0
1879,9985,0
1208,1607,0
2020,20121,0
1060,17837,0
1526,18186,0
2100,8944,0
65,3190,0
465,7305,0
1528,16323,0
462,4733,0
531,12693,0
1502,13388,0
2220,10751,0
1178,13427,0
92,11014,0
19,6992,0
1784,8486,0
2006,13921,1
576,21794,0
58,10144,0
172,7295,0
2538,6488,0
1129,10606,0
1853,7015,0
539,11542,1
1927,14737,0
717,20106,1
1178,6751,0
852,14680,0
224,12206,0
1563,430,1
760,1477,0
1211,20840,0
852,17203,0
166,20125,0
53,21693,0
700,6740,0
2020,16608,0
1000,8404,0
2424,12273,0
342,13307,0
759,2384,0
1997,2480,0
2392,7971,0
1656,2790,0
2430,20429,0
1882,2728,0
2305,14736,0
719,15884,0
618,12414,0
2429,6266,0
1741,2751,0
944,14176,0
1060,12781,0
465,4862,0
1689,19646,0
1631,15086,0
2501,4362,1
1546,14674,0
1661,18490,0
634,17108,0
1626,18458,0
1155,6941,0
1454,10763,0
1242,20737,0
1643,2779,1
1701,13499,0
1516,10829,0
125,2450,0
1833,20529,0
1983,10891,0
900,1003,0
1862,7472,0
2019,19861,0
1983,12943,0
677,17839,0
1760,16579,0
2517,10728,0
2340,1800,0
1067,17506,0
1882,12726,0
547,3302,0
709,1096,1
429,5216,0
2328,18170,0
1824,15224,0
2020,13427,0
2028,12891,1
6,13023,0
2293,6552,0
2404,18325,0
2440,6643,1
822,18443,0
2502,16032,1
480,8285,0
1561,6235,0
2472,304,0
821,2571,0
337,4883,0
327,20123,0
2395,2583,0
1201,18645,0
1193,5592,1
2344,6970,1
239,10617,1
1850,18452,0
719,1218,0
2225,10417,0
1069,15619,0
65,1166,0
1752,21545,0
466,16317,0
2504,16598,0
2402,17787,0
1016,17234,0
1344,21494,0
582,20640,0
725,18124,0
1536,16040,0
1711,13502,0
148,11828,0
530,18531,1
144,3931,0
2267,2527,1
1745,6423,0
2237,13291,0
614,10333,0
1547,13133,0
1695,20851,0
175,5431,0
889,799,0
2037,6457,0
1129,8643,0
213,7531,0
512,6200,0
95,1038,0
2094,13888,0
531,2724,0
1092,6153,0
2220,9734,0
912,21872,0
362,16307,1
1301,5233,0
1217,11278,0
547,5248,0
1978,11970,0
1850,17488,1
2274,21531,0
73,5936,0
2477,19527,0
822,20429,0
1951,21576,0
2430,18165,0
1178,18165,0
1534,11043,0
1467,6088,0
507,13910,0
1348,4576,0
238,203,0
584,8909,0
1784,3901,0
2121,4432,1
2517,10727,0
1827,12585,0
627,14701,0
1205,8315,0
724,13098,0
1292,18602,1
700,18465,0
397,2950,0
1217,20495,0
2220,19283,0
661,9986,0
417,18443,0
1070,7664,0
636,746,0
1525,589,0
1531,9028,0
1930,13378,0
1145,2871,0
2535,19569,0
131,3165,0
2394,13251,1
561,9734,0
2422,15180,0
2412,20963,0
2389,286,0
2037,8516,0
568,2035,0
2371,8969,0
1737,5039,0
346,8304,1
2340,7772,0
1132,18153,0
1091,7000,0
1605,13427,0
2017,17691,0
2362,17737,0
886,21933,0
2052,17577,0
65,15086,0
545,14089,0
1684,17291,0
665,9288,0
735,4867,0
793,6032,0
2144,2821,0
316,15373,0
466,18151,0
528,20191,0
144,12347,0
2220,18153,0
1711,16433,0
2424,15448,0
79,18556,0
2332,801,0
2079,13974,0
2422,11213,0
2085,16120,0
1578,12638,0
1531,16919,0
2546,16320,0
2443,17453,0
1833,3571,0
2546,9063,0
1932,4976,0
702,8780,0
1959,16333,0
615,12451,0
1451,4719,1
1815,17571,0
1672,9026,0
1073,552,0
2292,3060,0
855,12122,0
887,20067,0
1296,8786,0
1564,2981,0
22,18526,0
852,17561,0
107,2096,0
2328,3254,0
944,6192,0
2389,16608,0
1485,3353,0
725,18125,0
816,11998,1
556,21901,0
2405,6982,0
889,2793,0
991,12312,1
2080,18134,0
1547,4788,0
342,1337,0
2265,13417,0
2071,12820,0
1257,14687,0
1531,16547,0
737,4752,0
2504,19011,0
243,6153,0
1605,8786,0
625,805,0
315,13661,0
2476,14884,0
935,19579,0
871,12024,0
1102,966,0
458,6581,0
1141,5215,0
1479,14308,0
623,2832,0
1280,17949,1
294,20779,0
398,17563,0
1869,12573,0
625,806,0
1194,3151,0
253,5723,0
2020,21566,0
1334,3203,0
1695,20219,0
1429,14015,0
1752,18020,0
2101,149,0
1502,14005,0
117,15292,0
671,2300,0
2361,6743,0
1711,9543,0
787,14949,0
1958,16833,0
1010,13085,0
2216,1832,0
1296,17561,0
2166,15394,0
1528,21324,0
2163,4093,0
2332,18443,0
672,2948,0
887,4723,0
1893,698,0
1247,19627,0
2394,8992,0
428,6200,0
547,11276,0
912,21629,0
2408,6808,1
1699,16822,0
25,7115,0
2188,12648,0
305,10293,0
2429,5967,0
2461,2053,0
382,6533,0
1605,21566,0
1508,13127,0
1091,17121,0
2430,17892,0
594,7768,0
1711,18492,0
1508,14525,0
1070,18643,0
822,6743,0
768,6360,0
1060,19283,0
904,7931,0
2089,20315,0
1571,10869,0
1740,10497,0
1193,519,0
2154,11210,0
219,729,0
625,2818,0
1191,13417,0
1888,12764,0
509,7770,0
699,8002,0
1571,2689,0
1796,10571,0
101,626,0
1959,304,0
1809,2815,0
2365,8618,1
1605,19283,0
2209,18420,0
70,11757,0
466,16910,0
16,19394,0
73,21292,0
2507,5040,0
724,3902,0
466,8782,0
144,12589,0
672,14826,0
2404,20960,0
797,12342,0
1839,20067,0
1483,1571,0
19,6596,0
510,3341,0
2448,5426,0
2517,12769,0
1536,15158,0
2122,20960,0
887,20428,0
2332,6740,0
1978,13928,0
1626,12998,0
2069,5119,0
597,22043,1
1048,21573,0
1927,6882,0
1172,16301,0
1498,18777,0
1130,16801,0
683,2226,0
1626,18731,0
2119,2681,0
1382,2589,0
720,7422,0
2407,2346,0
1348,8642,0
1091,8314,0
1456,18231,1
2390,10744,0
176,8825,0
2112,14701,0
7,1303,1
557,7959,0
1026,12056,0
1933,9148,0
1656,7870,0
1661,12838,0
2164,6240,0
1295,12447,0
700,4728,0
2201,13661,0
769,8429,0
277,3149,0
546,735,0
1809,16316,0
2538,12227,0
1891,19706,0
462,14686,0
1640,9564,1
994,11272,0
1155,8963,0
719,6401,0
56,21964,1
1927,2948,0
1964,12901,0
242,11691,0
136,2576,1
1933,7156,0
2190,21661,1
1010,20453,0
215,6601,1
1229,10854,0
1666,18908,0
1439,19654,1
2211,14617,0
837,16610,0
1781,4394,0
971,13426,0
753,18358,0
1863,12822,0
2293,4526,0
2093,15083,0
253,13715,0
822,18200,0
626,19011,0
589,1571,0
1962,13416,0
1875,12453,0
1418,14177,0
284,14569,0
2342,14522,0
1689,18814,0
2391,6753,0
1060,20125,0
917,17317,1
1193,4509,0
2069,1172,0
545,11634,0
545,7624,1
542,13159,1
1605,9734,0
497,13644,0
2229,871,0
599,548,0
1531,7003,0
2396,18101,1
752,7075,1
2114,14704,0
1791,16870,0
2538,21531,0
1983,17195,0
51,5210,0
2106,1253,1
1090,16634,1
1022,12116,1
2149,4787,0
2337,10441,0
1334,644,0
794,13704,0
22,16959,0
243,16134,0
1708,17726,0
1169,17826,0
410,15299,0
1628,14270,0
679,9808,0
1972,7581,0
25,6982,0
1108,10664,0
1992,18849,0
2538,335,0
864,19047,0
2274,13928,0
182,3955,0
1647,19108,0
299,2727,0
1853,15701,0
1822,7975,0
742,19565,0
70,13715,0
887,19780,0
1910,5797,0
2020,12781,0
672,853,0
625,16333,0
1530,18472,0
1080,4454,0
1529,526,0
1423,12414,0
576,8786,0
497,10989,0
737,6759,1
1257,17203,0
2123,1795,0
348,20343,0
215,10605,0
1170,12137,0
1463,9998,0
1178,4728,0
576,805,0
1315,21112,1
2430,6740,0
621,7701,0
2305,4855,0
2472,17203,0
248,5636,0
2435,20419,1
793,2072,0
117,9326,0
940,21204,0
702,21933,0
1654,5415,0
1656,2789,0
1106,13782,0
1833,21620,0
244,12785,0
228,21545,0
960,18617,0
65,5117,0
280,16597,0
794,19963,0
1108,735,0
545,14088,0
382,12585,0
2472,14680,0
2396,16561,0
1959,6750,0
788,14901,1
2430,2818,0
1365,16184,0
2446,22043,0
70,5727,0
397,14825,0
1197,12879,0
467,21605,0
1564,2980,0
261,14378,0
1284,9327,0
2122,18036,0
1995,17828,0
899,15261,0
582,14840,0
1978,12225,0
572,8704,0
2412,10590,0
2299,13099,0
1213,17504,0
2119,12660,0
2062,2270,0
1060,801,0
1486,13422,0
1044,19853,0
278,20067,0
961,14317,1
58,21406,0
869,10114,0
389,15107,0
410,15301,0
8,349,0
947,13423,0
922,5515,0
1608,15212,0
2430,806,0
1702,16823,0
531,19817,1
397,12919,0
243,9841,0
1605,8791,0
565,12610,0
148,21345,0
661,7970,0
1992,7245,0
510,1360,0
2224,12785,0
2293,10545,0
144,7976,0
2407,12311,1
1810,6672,0
1602,18111,0
1631,6556,0
348,13164,0
151,691,1
1739,11643,0
1621,17885,0
1978,12227,0
102,20247,0
1145,4785,0
1317,15355,0
1178,14707,0
65,1185,0
759,4311,0
1915,9455,0
1825,5339,0
745,7077,0
1605,20429,0
1583,21531,0
53,9734,0
2089,2681,0
261,3240,0
1293,8344,0
2546,5349,0
2361,286,0
1673,13271,0
462,2827,0
2020,20715,0
65,20757,0
166,18152,0
219,19817,0
632,7127,0
1342,9322,0
2,16495,0
92,6748,0
2389,18153,0
2405,21455,0
978,15000,0
1656,3068,0
683,5786,0
2322,5069,0
107,4082,0
1932,3042,0
1879,9989,0
432,12352,0
1296,9734,0
598,1657,0
1507,6690,0
2220,13427,0
722,8516,0
2430,17561,0
759,8379,0
1934,174,0
1133,808,0
1413,2789,0
366,9164,0
541,9189,1
912,5734,0
1699,19646,0
1258,21936,0
547,21282,0
734,5991,1
56,18761,0
725,10315,0
2284,20224,0
1937,20134,0
2284,18558,0
1605,17837,0
176,14820,0
1154,15213,0
1853,16450,0
1391,2976,1
1317,9408,0
1893,3167,0
638,4329,0
53,806,0
1257,304,0
176,3098,0
582,2465,0
2504,2818,0
846,6360,0
2284,17239,0
597,8342,0
932,16320,0
1791,19538,1
1975,14129,0
2434,4727,0
2147,17385,0
2518,15749,0
2190,12269,0
1191,15387,0
2396,16194,0
73,21757,0
1689,9543,0
2262,2632,0
2238,19239,0
627,4730,0
1739,14092,0
821,14402,0
1483,7546,0
239,8651,0
419,21057,0
1265,10451,0
1178,16608,0
856,16320,0
266,4860,0
1135,12789,0
1850,18454,0
209,18713,0
1858,6173,0
1075,12632,0
638,19221,0
925,14176,0
1825,13686,0
2422,21841,0
832,18692,0
1888,10731,0
244,14691,0
2115,809,0
2337,19492,0
1711,289,0
342,7323,0
2210,19538,0
187,14760,0
1483,9328,0
1927,6512,0
978,17549,0
2147,4253,0
95,8668,0
1178,17846,0
1594,12468,0
705,12895,1
1733,21812,1
544,16228,0
1257,20121,0
1933,11127,0
561,18165,0
1194,10954,0
56,9164,1
315,1727,0
678,19587,0
887,19567,0
1534,5040,0
2030,18747,0
2185,12464,0
1135,6998,0
1984,1120,1
2149,10785,0
1578,13152,0
2260,18583,0
1888,12769,0
94,7299,0
941,4720,0
621,11202,0
1992,21729,0
1007,21613,0
1508,645,0
1270,9305,0
2224,2821,0
66,3668,1
1649,1006,0
226,10821,0
2361,21693,0
1815,16978,0
912,16460,0
324,6457,0
1774,18402,1
944,9392,0
975,5421,0
25,20449,0
1010,3126,0
219,8698,0
1949,17302,1
576,6743,0
2297,10869,1
417,6743,0
598,2065,0
62,8692,0
307,19205,0
1483,16610,0
2507,7719,0
2123,13726,0
1484,21182,0
1649,6952,0
243,6152,0
705,10843,0
2052,6286,1
421,17330,0
2147,10293,0
2270,12717,0
2208,5421,0
1258,4728,0
2504,18507,0
2405,13012,0
960,4029,0
1382,10535,0
102,9793,0
184,13393,0
1959,19011,0
399,22063,0
2471,6740,0
852,14687,0
387,13149,0
265,3518,0
1850,17511,0
93,8348,0
1656,12764,0
781,21212,0
1154,11490,0
1558,12852,1
2449,5418,0
1183,11288,1
998,1288,0
382,1609,0
1229,14348,0
2548,7175,0
1532,12787,0
1605,12781,0
1729,12866,0
971,13425,0
1418,9869,0
626,18443,0
1528,20964,0
2349,21757,0
1522,18731,0
1656,6652,0
1927,10778,0
1688,18241,0
336,19065,0
2072,7712,0
1209,18494,0
1365,4029,0
1415,6344,0
2154,11211,1
1258,2821,0
896,3556,0
2089,12660,0
781,17875,0
1242,3823,0
943,2091,0
1366,7997,0
2020,801,0
2372,11964,0
1362,17388,1
2472,21811,0
547,6029,0
128,10640,1
1132,18507,0
2222,10744,0
660,12403,0
2538,11678,0
248,9675,0
1784,14395,0
1251,87,0
280,21955,0
342,13308,0
1988,9474,1
1614,8880,0
2220,4728,0
1153,9237,1
1429,8208,0
697,16650,0
822,14680,0
1686,3956,0
944,206,0
2260,18514,0
2322,19320,0
577,19367,1
1955,21221,0
1199,12355,0
1747,17302,0
1972,11592,0
14,1699,0
1997,20643,0
353,8761,0
852,304,0
2058,13453,0
466,17184,0
1257,4728,0
594,2714,0
2445,13066,0
1398,4586,1
786,4733,0
226,9013,0
1571,21933,0
1791,16560,0
30,15046,0
1103,6761,0
40,14686,0
700,8786,0
662,20473,0
1128,19199,0
1668,19552,0
2332,6743,0
2267,8533,0
215,676,0
1841,2326,1
823,14694,0
2050,12990,0
1509,5571,0
145,6536,0
561,19283,0
832,19556,1
627,10750,0
1605,10752,0
363,7131,0
1631,21045,0
1285,4590,0
1132,286,0
1178,16598,0
1208,16934,0
1959,17837,0
187,12862,0
598,7630,0
1605,14680,0
611,2439,0
1959,21693,0
1737,8747,0
1405,8245,0
1861,20654,0
1172,254,0
1932,21446,0
1178,8791,0
1513,1591,0
2126,19124,0
2063,5067,0
2260,5229,0
1257,2818,0
2126,9721,0
625,18443,1
2412,7233,1
725,17580,0
1241,19451,0
1210,10076,0
419,5215,0
1067,17186,0
1010,7055,0
2479,10670,0
1247,7775,0
149,20269,0
1888,2790,0
805,4310,0
1560,6400,0
1348,10602,0
2220,21566,0
1081,5076,0
1701,18550,0
1016,20015,0
1516,6810,0
432,438,0
176,951,0
1920,13431,0
1148,16756,1
1542,10128,0
1268,20274,0
561,14707,0
1860,18840,0
2305,5328,0
1417,16356,0
1714,18512,1
1454,21446,0
1802,14916,0
2255,8071,0
1972,3589,0
353,12769,0
419,30,0
327,14686,0
2191,16173,1
1481,12072,0
1413,799,0
626,16608,0
1135,2689,0
353,118,0
1839,17184,0
1230,8732,0
2518,21560,0
991,14245,0
176,6882,0
1695,16372,0
899,14710,0
362,19142,0
1233,12407,1
1340,8497,0
703,17555,0
1454,14715,0
2405,13010,0
542,3174,0
823,12790,0
1752,10391,0
463,11440,1
909,12299,0
235,16182,0
1413,6729,0
1862,9500,0
688,2871,0
451,10082,0
625,14687,0
2471,820,0
1534,15006,0
1973,10867,0
2305,15868,0
2260,7334,0
2361,13427,0
2054,11613,0
822,805,0
1153,13245,1
1225,2074,0
1356,11269,1
248,1689,0
2433,17517,0
890,20491,0
342,15295,0
275,10037,0
1529,13872,0
47,9387,0
1441,1328,0
1884,17578,1
592,2521,0
1334,645,0
757,449,0
2263,1019,0
215,10598,0
1169,15292,0
1776,11549,0
1813,16935,0
219,8697,0
2151,7338,1
1397,20805,1
1920,17247,0
900,14887,0
366,209,0
1132,16598,0
2144,9288,0
58,7538,0
2365,3203,0
417,17846,0
248,1685,0
517,4079,0
1595,13390,1
2507,1097,0
1530,7328,0
1191,10448,0
421,16516,0
2101,9945,0
636,18929,0
2037,8519,1
1605,6745,0
2517,14667,0
822,19011,0
1073,550,0
770,1302,0
1983,6914,0
869,10504,0
2316,7220,0
1957,16358,0
58,9328,0
2430,18444,0
927,7489,0
1172,14263,0
56,21636,0
495,20999,0
1353,12867,0
1334,8618,1
561,14687,0
475,12746,1
960,16184,0
1671,19639,0
1822,16496,0
2241,16499,0
1907,10481,1
1463,10238,0
856,17505,0
102,13721,0
1188,3172,0
501,16349,0
931,6451,1
56,15701,0
889,14169,0
1418,2835,0
1345,13104,0
1365,18617,0
1699,17102,0
2220,8786,0
466,16318,0
1997,12450,0
711,3219,0
1229,10098,0
932,17184,0
1502,16444,0
1473,3250,1
2265,21671,0
1937,2881,0
382,2580,0
698,18248,0
967,805,0
1145,18670,0
1099,7727,0
1560,8451,0
2464,15665,0
1248,16894,0
683,19140,0
1426,6692,0
2471,19011,0
2255,2632,0
578,11384,0
312,11285,0
1909,21481,0
176,2948,0
528,8972,0
700,18507,0
2390,6745,0
1852,12711,0
1129,2672,0
1910,5523,0
1760,18297,0
896,3098,0
125,5418,0
1827,14483,0
2390,6742,0
218,1090,0
1320,21571,0
181,12012,1
1269,21544,0
1133,12786,0
1561,17048,0
967,806,0
966,10290,0
178,19149,1
66,3670,0
1016,18557,0
2401,19221,0
219,8699,0
2507,7056,0
1475,6605,0
2305,954,0
1614,11350,1
737,2840,0
421,16517,0
2535,8245,0
692,18704,1
2405,4965,0
688,12847,0
1171,16356,0
1397,19113,0
462,2821,0
1316,4506,1
421,16222,0
2054,7600,0
1036,8,0
1525,8563,0
660,10272,0
1178,18507,0
1839,21955,0
2311,20733,0
1827,2584,0
95,13009,0
1616,21312,0
382,2581,0
874,18827,0
1531,16328,0
787,2689,0
495,6767,0
921,21915,0
1992,11230,0
2237,1696,1
2342,12613,0
2514,18680,0
2272,12417,0
1917,14149,0
29,12464,0
1686,17665,1
490,10505,0
561,805,0
102,13722,0
1571,11014,0
49,10111,0
1630,14811,0
2094,16173,0
557,20874,0
429,19904,0
2167,17733,1
1016,1624,0
1246,13878,0
627,10751,0
1471,9143,0
699,3856,1
814,17184,0
1455,692,0
507,11953,1
1528,11148,0
1653,13531,0
217,8944,0
1594,6430,0
1793,10185,0
2149,6797,0
2389,6743,0
2001,2074,0
2107,19752,0
2071,12819,0
557,13436,0
1504,9319,0
765,5410,0
2056,5118,0
852,16333,0
2322,13108,0
175,20939,0
2218,16332,0
295,12600,0
852,18152,0
1560,8450,0
1816,15884,0
2389,6750,0
857,7361,0
150,4349,0
1296,19011,0
1711,19915,0
1528,16538,0
1272,8153,0
2306,18101,0
887,17184,0
2054,3599,0
786,14704,0
896,14820,0
636,7158,0
576,14701,0
2305,3546,0
1092,3778,0
1933,1166,0
836,21563,0
672,158,0
1705,15776,0
1932,4979,0
117,5266,0
735,10272,0
2155,4509,1
73,9392,0
1447,8941,0
2430,20121,0
597,14248,0
219,4638,0
1711,17874,0
458,9325,0
1860,18620,0
1824,8306,0
688,4787,0
1591,3205,1
322,9990,1
1135,10745,0
828,2976,0
261,7227,0
327,809,0
2063,13107,0
1901,10882,1
2001,13988,0
2361,18153,0
576,4728,0
753,7944,0
266,12919,0
509,19410,0
2126,2139,0
943,9149,0
719,121,0
2514,659,0
1296,801,0
852,19283,0
1539,4754,0
2199,16845,0
1009,10601,0
382,14483,0
1959,286,0
1564,20729,0
1257,21566,0
1888,14668,0
2394,3276,0
1866,14359,1
612,2754,0
2546,19780,0
2076,18297,1
697,7739,0
2504,18443,0
2220,14707,0
2163,8469,1
414,9527,0
80,17375,0
993,19010,0
1907,14428,0
509,9804,0
1694,20397,1
1209,16101,0
2082,2689,0
1753,16220,1
2389,21794,0
284,14575,0
753,9553,0
1060,20429,0
662,17223,0
1737,12275,0
626,6750,0
512,4976,0
1899,5458,1
523,14091,0
2224,6745,0
382,4490,0
1037,12168,1
661,7976,0
944,10251,0
1542,9901,0
415,20385,1
2432,9063,0
2365,4528,0
1595,3901,0
2405,8668,1
398,18813,0
1869,15888,0
1861,16323,0
1132,6743,0
40,2828,0
1508,14528,0
1720,19380,0
2220,17846,0
2265,9441,0
1953,13422,0
1413,10728,0
898,7383,1
1784,21672,0
22,15600,0
176,854,0
2549,7860,0
1673,6029,0
219,6666,0
1145,4715,0
2400,12269,0
636,14336,0
561,18152,1
1413,12766,0
1542,14054,0
1688,18243,0
243,5776,0
95,1036,0
65,21045,0
896,13568,0
56,16349,0
2538,14178,0
465,10870,0
2374,3051,1
1560,11858,0
2379,10267,1
618,10042,0
70,3747,0
2365,646,0
1418,2839,0
1178,20429,0
1827,13908,0
1247,1358,0
283,1886,0
1195,5364,1
1833,7553,0
2165,21076,1
889,2789,0
2145,8789,0
1673,5248,0
2257,8356,1
1875,3369,0
2361,820,0
1311,3097,0
2438,5571,0
2149,2872,0
1141,3276,0
852,18153,0
2107,8358,1
2317,2802,0
2112,14704,0
688,2870,0
1550,1373,0
184,18372,0
97,21940,0
1957,16936,0
1862,15434,1
1155,10921,0
2535,122,0
2462,4155,0
1805,7581,0
1605,801,0
217,21980,0
2430,12781,0
1649,14884,0
1860,13393,0
1296,6750,0
2058,9496,0
978,16880,0
25,14930,0
2229,20564,0
1070,3973,0
908,1043,0
2094,18617,0
1169,9322,0
199,3538,0
218,5046,1
700,801,0
776,13713,0
1726,16331,0
353,8826,0
1091,14950,0
2478,16862,1
1508,4533,0
1781,4397,0
960,15247,0
382,20373,0
80,6526,1
1774,17453,0
2196,19484,1
912,3749,0
330,21371,0
320,18372,0
1135,6749,0
29,6031,1
1484,2258,0
1861,20538,0
339,13558,0
54,6572,1
53,16333,0
1630,13530,0
1178,21794,0
2471,286,0
337,18357,0
2537,4425,0
1624,14940,0
967,801,0
1300,7620,0
32,20124,0
753,3682,0
2535,8810,0
509,9802,0
2147,6580,0
2527,11279,0
1632,626,0
635,7145,1
65,1173,0
2405,14920,0
2504,12781,0
1581,6075,0
2023,3391,0
1527,5049,0
382,8596,0
2349,20324,0
2332,18153,0
1198,6883,0
117,3320,0
336,5702,0
353,2788,0
2058,3490,0
2078,3894,1
2144,10744,0
1616,556,0
1705,4677,0
1457,8346,1
1528,17193,0
2055,14729,0
219,14160,0
2394,7260,0
2043,11723,0
292,4497,0
1702,17563,0
65,15083,0
1402,20183,1
2461,21056,0
1605,6740,0
1537,12414,0
1031,15855,0
1178,20715,0
1438,5421,0
2061,16591,0
851,14245,0
2472,19011,0
2492,10151,0
2469,17843,0
2266,1616,1
1169,15295,0
1745,16721,0
912,9793,0
1223,12116,0
290,20220,0
65,11132,0
419,21844,0
625,20125,0
737,6767,0
399,6641,0
1534,1280,0
627,14686,0
1779,12714,0
2094,10822,0
634,10844,0
2361,20125,0
1532,2689,0
532,10077,0
95,4966,0
1169,13307,0
1178,19283,0
1132,18165,0
79,18187,0
1695,17928,0
394,15681,0
2332,21693,0
1486,13414,0
576,14680,0
249,18994,0
496,4496,1
429,15214,0
1699,18345,0
2209,17162,1
961,4331,0
195,19729,0
2331,7294,0
1419,20145,0
2546,16910,0
1628,6288,1
2484,1439,0
968,19351,0
2395,12586,0
1907,12500,0
1983,10893,0
2186,3614,0
348,15100,0
2430,21811,0
744,2825,0
1129,679,0
852,2819,0
621,13149,0
93,8350,1
1887,3716,0
67,10669,0
1454,824,0
1661,21507,0
1296,6740,0
2540,5175,1
81,21451,0
688,10792,0
741,11537,1
1834,18463,0
2317,15825,1
2531,4659,0
145,10613,0
2185,12098,0
896,12918,0
1908,20111,1
2154,3231,0
967,17892,0
1927,14822,0
1465,20564,0
319,19634,0
34,21446,0
1334,4528,0
1172,16731,0
2401,4329,0
2020,18200,0
2253,18771,0
1983,4894,0
1230,4667,1
99,4522,0
852,19011,0
266,14825,0
523,14107,0
672,6882,0
2332,806,0
2483,7842,0
374,428,0
2324,20693,1
1595,15395,0
1761,12645,0
1952,1770,0
862,21118,0
1674,17924,0
106,411,0
41,18673,0
1257,8786,0
1393,16924,0
1891,3329,0
1502,13545,0
226,14620,0
1437,11708,0
2283,19125,0
589,16953,1
2082,21933,0
2422,5191,0
2295,17188,0
1977,13329,0
1699,16433,0
626,19283,0
95,9006,0
1863,4760,0
1711,5499,0
166,17837,0
722,6458,0
934,7127,0
176,4855,0
1060,8786,0
1956,16214,0
2546,9064,0
1062,2754,0
2517,8235,0
582,7870,0
793,10077,0
447,9155,0
2548,12921,0
509,1798,0
1200,159,1
2069,10794,0
742,12765,0
1810,2730,0
805,14294,1
911,19024,0
737,19570,0
2389,17203,0
1191,21671,0
993,10869,0
229,11249,0
2361,304,0
1656,8450,0
1237,21547,0
1184,6961,0
2471,21693,0
32,18153,0
973,6761,0
1129,676,0
938,12668,0
320,14487,0
1589,20790,0
320,16184,0
1349,19976,0
582,15804,0
226,13545,0
1910,19938,0
2049,21191,0
2514,2644,0
1257,14680,0
2363,6752,0
641,5136,0
832,4597,1
2515,554,0
1423,7699,0
2475,87,0
725,21213,0
1686,16258,0
2361,19283,0
1934,5537,0
2002,14930,0
324,552,0
753,7558,0
1531,17433,0
1443,8792,0
753,20259,0
822,21693,0
353,8763,0
2019,17431,0
218,20454,0
1060,18444,0
804,2879,0
1453,19451,0
1959,10751,0
2549,16808,0
513,2642,0
1108,2723,0
557,11931,0
2394,13254,0
978,18558,0
822,14707,0
1285,17404,0
226,14005,0
576,286,0
2100,13576,0
353,10728,0
753,2917,0
2424,15450,0
1701,21487,0
1649,12982,0
428,21446,0
320,18617,0
37,5601,0
1145,4784,0
1711,16374,0
201,9576,0
1688,17232,0
1688,16406,0
1964,14803,1
2265,18698,1
2517,14169,0
244,2829,0
2471,18152,0
2430,18507,0
360,3569,0
2546,17186,0
2405,9095,0
2237,19079,0
532,6031,0
2297,6998,0
1761,6599,0
2248,6301,0
2192,136,0
1842,4865,0
1242,5063,0
1323,11278,0
69,14641,1
1577,6332,0
1979,4859,0
912,9795,0
853,768,0
1630,19580,0
1030,10555,1
1438,5410,0
626,17203,0
2230,19286,0
2048,10750,0
792,2880,0
1145,8841,0
1129,21929,0
1016,17239,0
124,8974,0
2548,19117,1
1447,242,0
1761,12646,0
172,21462,0
621,7126,0
2538,8245,0
178,20526,0
2296,4824,0
2503,20051,1
1927,5250,0
1513,1592,1
255,961,0
770,1111,0
774,18730,0
725,16278,0
1228,13482,0
2363,2826,0
47,17556,0
2345,15061,1
1424,2225,0
2435,10675,0
2361,2818,0
988,15661,0
2362,17735,0
40,20715,0
625,21811,0
1485,166,0
1539,6769,0
720,3442,0
305,17385,0
2265,6164,0
73,2516,0
2107,18982,0
1626,6967,0
1681,20776,0
2437,12517,0
737,837,0
1011,3461,0
626,12781,0
1927,21369,0
544,7581,0
258,10646,1
912,5737,0
922,19110,0
1145,12849,0
2363,18601,0
2201,14110,0
2504,18152,0
1282,1240,1
120,923,0
760,3466,0
92,2822,0
125,3466,0
807,10731,0
348,15101,0
2389,17846,0
765,15415,1
1937,14776,0
1468,9996,0
2130,11144,0
1966,656,1
1225,6032,0
2422,13547,0
1016,17235,0
469,19558,0
1528,6115,0
1286,16839,0
2535,6761,0
1839,2815,0
787,6998,0
1135,10869,0
2471,2819,0
853,6752,0
547,15264,0
1932,10588,0
947,9460,0
32,12794,0
1295,8464,0
2001,4188,0
1430,11656,0
419,13254,0
1784,2494,0
581,16963,0
1010,1090,0
594,5279,0
617,19540,1
1589,7435,0
665,10744,0
661,9989,0
512,21446,0
1245,13878,0
2020,14701,0
1966,659,0
832,14586,0
1021,16084,0
1382,2594,0
1525,2238,0
41,11056,0
2143,8239,0
2522,3324,1
693,2611,1
626,18465,0
582,11379,0
149,20817,0
195,9263,0
2046,17529,0
2133,18827,0
244,10744,0
1740,5504,0
722,12995,1
1145,8839,0
2548,13224,0
557,15882,0
672,5249,0
1882,6500,0
1528,811,1
1649,14883,0
53,6743,0
339,15539,0
625,18465,0
532,12059,0
1121,5671,0
697,7737,0
1927,15868,0
2039,7443,1
1257,20429,0
465,6785,0
1695,16825,0
2220,16598,0
1405,10555,0
2225,6387,0
1870,918,0
1701,16430,0
2236,11637,0
1233,18428,1
741,5512,0
2149,1609,0
793,2074,0
1489,2077,1
967,2818,0
1978,8262,0
1028,5378,0
58,1574,0
73,5088,0
1594,2493,0
213,20018,0
1944,6985,0
1062,6754,0
2133,18883,0
1348,4578,0
305,15295,0
693,20663,0
2220,2819,0
1910,9558,0
625,18153,0
528,21347,1
2349,12225,0
1933,7139,0
2008,14092,0
466,17506,0
852,820,0
176,7304,0
1136,17382,0
1284,9324,0
495,2840,0
1560,3068,0
2114,2754,0
672,9577,0
582,20737,0
1827,1609,0
1522,8661,0
630,12819,0
1992,16450,0
1711,17614,0
2515,9967,0
1193,17864,0
1910,5522,0
782,5390,0
95,1033,0
278,19779,0
719,1832,0
1208,3254,1
954,3651,0
658,12878,0
1621,17544,0
278,17381,0
1017,12416,0
2412,18154,0
2540,21344,0
932,16317,0
1621,17872,0
201,3555,0
84,2740,0
916,8910,1
1761,21681,0
2331,20772,0
1010,5034,0
1927,8908,0
582,3823,0
128,2701,1
2368,11363,0
1372,5299,0
166,16333,0
339,5576,0
1338,19146,0
1508,644,0
944,21292,0
2069,3882,0
1531,16921,0
1733,17687,0
73,772,0
625,9734,0
2164,3694,1
652,7445,1
2037,21543,1
688,4786,0
1945,6075,0
1869,8591,0
276,9509,0
547,13288,0
2254,8257,0
582,1000,0
887,17506,0
2471,20429,0
2520,20198,0
1933,1185,0
1349,12191,1
1959,14707,0
1236,7615,1
2544,16195,0
2255,8070,0
2349,14176,0
2430,9734,0
640,9846,0
557,3479,0
2332,19011,0
1454,2840,0
40,14404,0
1091,19597,0
2527,21062,0
2126,7704,0
1809,9064,0
166,820,0
617,14463,0
599,8519,0
342,21065,0
2390,12785,0
1825,7034,0
339,11600,0
2412,15884,0
2020,16598,0
620,13871,0
2327,10203,0
2063,13152,0
576,8791,0
2069,1173,0
1537,20635,0
1656,12765,0
53,304,0
2260,3749,0
1959,18200,0
1258,6745,0
759,14293,0
67,20417,0
353,6729,0
1861,9392,0
1510,2634,0
405,9969,0
1711,21223,0
182,3408,0
1656,8708,0
2094,4029,0
1489,22000,0
1711,17276,0
25,2544,0
2230,8653,0
1701,18549,1
315,9724,0
184,3973,0
1504,917,0
960,13088,0
1827,8596,0
201,21085,0
226,9913,0
1869,8590,0
1132,18443,0
1711,17873,0
909,4349,0
2430,13427,0
967,14680,0
1209,5671,0
722,10500,0
1893,11120,1
735,6366,0
887,2817,0
65,11897,0
645,18666,0
1198,6884,0
1365,5431,0
1133,21935,0
1907,14421,0
2364,17915,1
2259,14834,1
2471,16333,0
1048,931,0
278,16318,0
2514,2634,0
1026,4040,0
419,5216,0
215,12643,0
1805,9610,0
1631,7139,0
706,14765,0
887,9064,0
861,15854,0
2105,5529,0
219,5834,0
2297,12789,0
73,10555,0
1324,912,1
2363,14699,0
1536,6031,0
1702,17898,0
1927,954,0
278,9036,0
1827,2578,1
159,5664,1
2387,20821,1
1860,5560,1
1183,7689,0
2152,6407,0
2424,10272,0
1454,21423,0
399,22018,0
700,16598,0
2405,1038,0
632,3169,0
871,19173,0
166,21811,0
1229,2943,0
594,5733,0
2395,20373,0
908,12999,0
1827,12586,0
2341,9088,0
2195,8329,0
2103,14836,0
1242,8451,0
353,10727,0
1153,13243,0
1321,11111,0
2538,12225,0
2504,806,0
1963,14903,0
2072,1742,0
1153,7242,0
1435,1470,0
2405,14932,0
2304,6397,0
1121,14109,1
1570,19039,0
1276,4040,0
1600,3710,0
2122,16808,0
1132,14707,0
2056,10588,0
576,18507,0
67,12696,0
2430,14707,0
998,11241,0
1827,6533,0
1257,21794,0
2192,3144,1
1560,6398,0
735,8429,0
818,12177,0
2284,17234,0
203,17234,0
1699,16374,0
145,4501,0
73,21423,0
492,14430,0
821,20068,0
2272,6387,0
932,16318,0
735,10398,0
2464,16112,0
909,15128,0
612,4733,0
594,10645,0
932,4722,0
615,1389,0
1553,5136,0
2479,114,0
757,9090,0
2220,20125,0
638,4328,0
2323,16809,0
337,6488,0
166,805,0
365,15969,0
1342,15292,0
25,9006,0
2395,2582,0
822,12781,0
2048,4730,0
904,15843,0
310,4720,1
2305,11278,0
219,12694,0
1418,122,0
261,21306,0
1882,11436,0
887,17186,0
36,21331,0
1699,18966,0
1861,14449,0
1241,17939,0
561,6750,0
887,13373,0
527,485,1
2020,17203,0
1365,18372,1
781,289,0
944,8246,0
330,13535,0
1771,17188,0
2430,21693,0
993,12790,0
1813,3253,1
58,20807,0
1030,20073,0
616,11665,0
1191,18698,0
823,18601,0
1528,18452,0
81,10884,0
2438,2858,0
1241,17235,0
744,15530,0
2220,21811,0
856,19780,0
2229,18670,0
1145,8843,0
2507,1090,0
1564,9247,0
1229,18895,0
1197,4814,1
561,2819,0
532,12464,0
581,17380,0
1132,16608,0
214,12790,0
944,2279,0
1284,9322,0
2160,15757,0
852,18165,0
2082,6748,0
1136,17697,0
1816,10590,0
588,3652,0
414,1529,0
378,21690,1
2262,6033,0
688,12848,0
967,16333,0
1605,20121,0
102,15063,0
889,14667,0
2305,7304,0
316,5232,0
973,19570,0
1888,8763,0
2472,6750,0
2371,2429,0
1511,14511,0
810,11428,1
214,20714,0
2260,21109,0
1229,13545,0
2546,21955,0
925,5769,0
122,7032,0
1751,20117,1
1651,13804,1
672,10529,0
1959,8786,0
2504,20125,0
1926,485,0
2255,2074,0
2147,8296,0
21,8915,0
1353,6819,1
2412,1218,0
2146,8540,0
2361,20429,0
2450,18457,0
688,12853,0
883,4974,0
1188,20758,0
883,3067,0
1509,984,0
2216,121,0
793,15994,0
1699,16221,0
822,18507,0
512,3723,0
73,14177,0
572,4709,0
644,9987,0
641,13176,0
1092,7799,0
2114,14691,0
561,16608,0
1937,18673,0
1345,14257,1
1257,6743,0
432,21909,0
102,2211,0
305,6580,0
1688,16652,0
86,7610,1
92,10869,0
1184,1019,0
1260,19203,0
1134,14644,0
809,8305,0
547,5247,0
1418,8810,0
960,1588,0
2030,13167,1
389,19893,0
992,6991,0
1835,1934,0
1112,6811,0
456,2954,0
1176,16382,0
1262,2762,0
802,20115,0
722,549,0
1761,678,0
53,805,0
417,18165,0
176,14822,0
387,9938,0
883,3063,0
336,20174,1
1740,7975,0
598,3626,1
701,10754,0
737,2835,0
2250,17549,0
693,10532,0
1121,3697,0
796,20625,0
701,6753,0
228,10391,0
1241,17234,0
576,820,0
1927,7304,0
665,2821,0
702,10869,0
2242,3458,0
822,806,0
2211,12696,0
99,4525,0
2548,13869,0
1365,10473,0
2020,18152,0
2353,13476,1
2395,8596,0
56,11153,0
565,10532,0
1014,1079,0
124,10931,0
1393,17763,0
2538,4216,0
582,6400,0
794,15687,0
2262,12213,0
2484,12534,0
150,19227,0
889,10729,0
5,20932,1
2332,17846,0
1705,12727,0
1091,16256,0
2018,5207,1
199,15477,0
1741,17502,0
2061,352,1
194,18645,0
419,11241,0
1831,9063,0
1299,15462,1
2293,4521,0
2389,10752,0
944,21531,0
621,4602,0
546,12699,0
1058,10238,0
1359,1903,1
1194,1342,0
1802,9095,0
624,4040,0
1784,15395,0
1241,17238,0
123,13224,0
1656,4711,0
2349,21292,0
701,18601,0
1656,2465,0
1933,15097,0
2006,11702,0
421,17315,0
117,21065,0
2432,6753,0
2210,16560,1
53,17837,0
2296,919,0
2472,18152,0
1767,5771,0
1466,11641,1
1162,16809,0
1178,17837,0
159,7002,0
94,9051,1
1299,21991,0
226,13388,0
988,7032,0
1564,4890,0
1711,20219,0
967,18444,0
561,17892,0
1061,14949,0
1927,4855,0
1605,14687,0
1542,18263,0
1312,5689,0
382,2583,0
2518,12711,0
701,2754,0
805,8378,0
337,8548,0
1551,5832,0
41,884,0
2274,356,1
1933,7928,0
998,3277,0
2033,6560,0
1893,13148,0
2412,8799,0
1686,17761,0
687,20212,1
672,14743,0
912,15063,0
1453,17239,0
2430,801,0
79,17238,0
49,8096,1
2163,171,0
1945,12116,0
924,10285,0
1129,10604,0
310,12221,0
421,16223,0
2344,4984,1
898,15335,1
417,20121,0
1997,6408,0
1720,20522,1
481,14851,0
856,17184,0
2188,12649,0
2405,21334,0
1165,3695,1
1863,6774,0
1211,20310,0
1459,20526,0
177,6960,0
1249,6922,0
2546,18151,0
1205,10835,0
1688,9336,0
1578,15814,0
99,21146,0
1360,994,1
360,3682,0
1893,15077,0
1564,10894,0
1418,14715,1
1477,8420,0
1592,16658,1
2145,9036,0
1443,1150,0
865,1080,0
1951,6917,0
1647,16392,0
700,6745,0
1145,12850,0
2311,19587,0
1581,2645,0
2144,12785,0
1443,7210,0
1145,873,0
29,2074,0
557,3921,0
2048,10489,0
1711,20218,0
1260,12657,0
709,16183,0
2511,21503,1
1699,16968,0
1809,17505,0
1022,6033,0
2375,13912,0
1955,17888,0
1626,3031,0
1879,7970,0
599,6457,0
1661,6382,0
1296,304,0
693,20662,0
2332,4728,0
1504,8885,0
337,11678,0
417,14687,0
2481,1609,0
1945,16040,0
634,12897,0
1463,15908,0
2361,16608,0
2328,13242,0
226,2613,0
475,20392,1
1933,3174,0
1294,14246,0
2009,19229,0
2191,13088,0
680,843,1
1656,1321,0
2395,19438,0
1229,4616,0
898,9385,0
1129,19794,0
671,18863,0
166,14707,0
1809,16318,0
2539,10705,1
1348,12645,0
1806,6377,0
1621,18546,0
1608,15211,0
811,18927,0
2248,20928,0
1666,14180,0
1242,19320,0
687,7441,0
305,9322,0
2537,20635,0
205,10517,1
1887,5697,0
1688,18967,0
2438,2861,1
337,4882,0
387,3169,1
660,10273,1
547,15272,0
481,20269,0
700,13427,0
1839,16909,0
1888,6730,0
1536,2074,0
2133,10434,1
1931,5191,0
1939,16315,0
1992,1274,1
2538,14177,0
2019,17753,0
599,10500,0
2097,1053,0
889,6729,0
576,21566,0
1933,11897,0
822,801,0
1863,6770,0
41,4800,0
1661,5147,0
2389,8236,0
2412,8319,0
2381,3482,1
2220,8791,0
1927,14736,0
645,6760,1
1813,16352,0
81,17194,1
2470,20065,0
1418,8245,0
579,11054,0
2163,20055,0
949,7346,1
742,2802,0
1141,5216,0
1716,9715,0
2040,9550,1
684,17572,0
1123,18301,0
64,4662,0
417,18465,0
1241,18187,0
1973,8907,0
1334,8617,0
660,6366,0
891,3545,0
2115,6754,0
2242,21989,0
1463,2808,0
1888,4209,0
532,15994,0
1342,7323,0
889,8775,0
2365,6563,0
1962,20791,0
1542,12389,0
736,17761,0
1242,20348,0
419,13251,0
124,10929,0
932,17506,0
1600,1749,0
1413,4711,0
1921,4269,0
629,530,0
1251,14587,0
1025,63,0
2393,15332,0
641,9161,0
117,12293,0
65,13855,0
1178,304,0
545,7622,1
1145,18717,0
1382,2590,0
2332,17837,0
1894,14802,0
883,7140,0
582,12638,0
561,14680,0
992,4976,0
900,10925,0
576,8236,0
317,1082,1
204,14346,0
565,15489,0
814,16317,0
2063,6308,1
2422,1258,0
195,11771,0
2272,6388,0
1532,4739,0
2426,3072,0
1784,4395,0
456,1980,0
1972,3588,0
1057,18582,0
1631,5116,0
95,13011,0
2220,16608,0
887,17381,0
1846,15547,1
280,16316,0
1242,6400,0
2020,21794,0
547,11275,0
53,20125,0
2236,14107,0
2332,13427,0
2116,13910,0
2254,8256,0
576,9734,0
2389,17561,0
65,2622,0
852,20121,0
184,5560,0
129,18649,0
73,2262,0
2475,7295,0
902,6661,1
134,3740,1
2342,640,0
219,2724,0
2141,11048,1
1957,18173,0
495,2837,0
530,20505,0
683,19975,0
2017,16793,1
2158,4988,0
512,3042,0
576,20121,0
1605,20125,0
1103,21568,0
1616,8850,0
2260,15063,0
2389,10751,0
720,21429,0
1178,18443,0
2071,2842,0
415,17243,1
683,9856,0
497,14950,0
978,18186,0
1832,432,1
1792,6445,0
25,13011,0
1528,17841,0
822,16333,0
2471,806,0
903,15526,0
1315,13177,0
2119,687,0
1605,19011,0
1952,9775,0
2472,13427,0
1689,17875,0
1656,8985,0
438,10344,0
2201,11698,0
2337,19231,0
2260,11254,0
1260,4588,0
1927,10515,0
2188,14564,0
1528,7857,0
1624,7991,0
1959,17561,0
1172,16782,0
2465,11332,0
1997,11341,0
1129,20664,0
1334,6561,0
967,19283,0
81,18359,0
2260,9793,0
1405,14894,1
207,16759,0
1711,17608,0
146,12097,0
70,2216,0
1178,6750,0
1602,19807,1
695,8127,0
1182,6829,0
362,155,0
606,5269,0
581,17697,0
1067,16317,0
184,10913,0
2365,12614,0
2361,20121,0
615,11339,0
1136,17383,1
1631,13855,0
95,1035,0
2020,21811,0
2284,17549,0
284,877,0
2405,14931,0
1211,16462,0
2097,6991,0
934,1158,0
1809,17186,0
1169,21065,0
561,6740,0
626,8786,0
960,13884,0
2517,10725,0
547,1692,0
1705,2757,0
1852,15749,0
2260,9796,0
2392,7972,0
57,13302,1
1700,17085,0
2069,21448,1
2126,14402,0
1483,5531,0
348,20179,0
864,13133,0
1145,6797,0
2471,14680,0
561,12781,0
1844,1597,0
857,19631,0
627,10869,0
2112,9288,0
305,14541,0
1888,118,0
1507,12714,0
2482,19119,1
1296,18152,0
465,5243,0
1103,4364,0
1016,17549,0
485,12267,0
360,9592,0
1418,121,0
278,16910,0
598,14107,0
2426,17991,0
64,8391,1
816,22045,0
1699,17548,0
2546,17506,0
1213,18130,0
589,9328,0
1258,12785,0
1284,7323,0
1933,11129,0
2085,6140,0
753,20732,0
1972,8138,0
1527,21905,0
1656,12971,0
2230,10755,0
462,3507,0
1695,17547,0
852,2818,0
396,7149,1
941,12779,0
2316,7221,0
640,6573,0
1992,5268,0
1525,14455,0
2284,18495,0
166,801,0
65,7156,1
973,10767,0
571,15301,0
1344,16450,0
166,806,0
2242,1475,0
1649,20149,0
998,30,0
1338,18485,0
2020,21693,0
2048,10751,0
131,1640,0
1927,3099,0
561,286,0
967,20429,0
1647,16951,0
973,2835,0
912,2211,0
1863,8814,0
1779,10692,0
967,18507,0
1816,8570,0
2361,21811,0
2467,17204,0
257,5930,0
248,2071,0
2236,9875,0
264,16640,1
226,6427,0
278,16597,0
998,5217,0
284,10626,0
1816,17188,0
1241,18186,0
117,9327,0
2274,11970,0
1708,16226,1
187,11838,0
2439,12866,0
1296,18200,0
399,10810,0
1888,8235,0
2504,2819,0
1252,7610,0
2525,1416,0
1135,2822,0
1447,17850,0
662,17258,1
1296,17203,0
2222,12785,0
2370,18149,0
2305,854,0
2274,2278,0
2071,6772,0
1324,8883,0
1959,10752,0
625,2819,0
1342,9325,0
179,14057,0
2220,801,0
274,68,0
625,801,0
229,3282,0
1099,13691,0
700,17892,0
2405,18732,0
481,17197,0
495,122,0
735,10401,0
1689,21367,0
525,12568,0
2317,799,0
2395,8597,0
600,12881,1
879,17858,0
2284,14346,0
2089,6613,0
1573,13416,0
291,2001,0
2476,6952,0
2082,10869,0
159,8165,0
428,4979,0
73,19782,0
786,3507,0
869,2102,0
1973,1139,0
1225,15291,0
415,16503,0
725,404,0
2219,6846,0
1092,6152,0
342,9327,0
1605,16598,0
2474,14437,1
2112,14686,0
1348,6599,0
1256,20411,1
2149,6800,0
166,8786,0
755,17464,0
1641,11044,1
2245,3566,1
2255,2075,0
2504,17837,0
944,14183,0
585,13589,0
2389,21693,0
1323,15278,0
353,14668,0
1141,19904,0
1534,5038,0
1948,4289,0
2318,5267,0
626,801,0
1959,6740,0
1208,13242,0
131,19896,0
10,2429,0
218,15006,0
1344,12877,0
2237,7309,0
462,9288,0
1816,10404,0
978,7591,0
25,1037,0
1930,15375,1
1296,18165,0
2311,6933,0
1863,12819,0
356,11129,0
201,3554,0
869,8099,0
485,20607,0
588,2071,0
2239,326,1
396,14922,0
1551,7854,0
1806,7161,0
2083,14539,1
896,21369,0
1413,12769,0
1937,10808,0
1007,18142,1
753,2985,0
495,139,0
581,17383,0
823,20714,0
785,10845,1
2188,2670,0
2361,806,0
2002,6979,0
1528,17192,0
53,18444,0
1816,18154,0
1528,18360,0
512,4979,0
34,4976,0
710,14820,0
356,21591,1
1695,17274,1
2069,1342,0
2223,19012,0
2466,10392,0
2451,20424,0
182,5362,0
1057,16735,0
2216,17188,0
753,13878,0
1060,17561,0
2391,809,0
889,10730,0
405,1963,0
2020,14707,0
2405,4976,0
616,7531,0
485,20002,0
557,3585,0
1334,5628,0
219,6667,0
625,12781,0
720,1451,0
305,13307,0
1793,6133,0
1429,12098,0
1468,672,0
1738,20007,0
73,14176,0
204,2306,0
2020,17846,0
932,802,0
814,20657,0
2265,15576,0
2144,14701,0
887,18151,0
1391,10887,0
261,154,0
1529,20353,0
1257,17846,0
670,8591,0
1425,4733,0
1537,5571,0
1342,15295,0
2156,14545,1
1933,5116,0
324,19773,0
2263,3021,0
2392,13910,0
1418,2279,0
1348,21681,0
166,18153,0
626,806,0
1103,12814,0
1968,21511,1
2122,18325,0
41,8857,0
1847,16486,0
1077,9089,0
1560,4985,0
2432,14644,0
2475,3292,0
2538,2262,0
1793,21377,0
214,10489,0
822,2818,0
2542,15844,0
1257,18152,0
184,15314,0
2147,655,0
606,3327,0
2194,5101,1
140,11757,0
742,118,0
2472,19283,0
1933,7137,0
967,19011,0
1831,10754,0
2536,7762,0
370,15071,1
1225,12464,0
2000,14202,1
547,15265,0
879,15661,0
896,158,0
339,13562,0
852,13427,0
1117,17314,0
1010,20455,0
2507,5046,0
299,4643,0
1699,16966,0
2264,19007,1
2394,9253,0
1654,13416,0
788,18156,0
462,14691,0
1694,11026,1
705,16537,0
363,18645,0
226,14348,0
852,8786,0
641,15119,0
2535,4750,0
1980,4278,1
1845,19403,0
41,10820,0
261,21470,0
1224,12464,0
211,17684,0
1070,15508,0
707,11829,1
2094,15247,1
1695,1547,0
1382,1978,0
582,13152,0
594,13143,0
2255,15994,0
57,12464,0
1246,17191,1
2318,5268,0
225,10571,0
32,8236,0
2405,6983,0
2154,9210,0
720,13398,1
102,11759,1
1594,21793,0
1340,12477,0
1844,1980,0
801,8931,1
452,16645,1
1699,16900,0
765,4597,0
625,6740,0
1803,6872,1
2361,12781,0
735,467,0
1342,20033,0
1429,10529,0
634,925,0
2021,20404,0
30,11088,1
700,2818,0
1809,21955,0
1711,17615,0
1049,11954,0
226,18783,0
2101,1195,0
1257,9734,0
370,13846,0
246,14867,0
2469,10988,0
944,10555,0
967,14687,0
1178,17892,0
2395,10533,0
2020,10752,0
1637,13431,0
2464,7034,0
305,1340,0
417,4728,0
2119,19203,0
342,5266,0
851,18129,0
1296,16608,0
2472,8786,0
1300,16763,0
1771,15884,0
714,16478,1
1258,14691,0
715,7850,1
640,17577,0
2090,5235,0
2250,19451,0
1103,837,0
629,7015,0
2275,20235,0
523,2065,0
582,8985,0
2464,12857,0
700,14687,0
1048,4830,0
260,13745,0
1689,18492,0
218,9076,0
944,2809,0
665,14704,0
547,21351,0
1138,11034,0
1528,17511,0
967,21566,0
1711,17547,0
1247,19713,0
706,4806,0
665,2829,0
280,9063,0
1455,16409,0
280,16317,0
1410,768,0
688,4784,0
1594,8486,0
2515,3906,0
967,13427,0
1702,16966,0
2429,14247,0
1153,15202,0
1600,16621,0
889,12769,0
1994,2651,0
243,13747,0
626,20125,0
82,7743,0
1257,286,0
1498,7295,0
1904,20198,0
2378,11830,1
2471,17846,0
144,7970,1
1507,6182,0
967,6743,0
770,19606,0
1183,20239,0
1745,16613,0
2152,19230,0
2394,15216,0
1229,13388,0
1933,13154,0
2119,10622,0
581,17382,0
618,5571,0
710,4855,0
557,7958,0
2088,21854,0
15,8008,0
2389,2819,0
1532,6753,0
1737,15013,0
1810,14619,0
589,20807,0
1257,16608,0
736,16922,0
2502,2105,0
81,16324,0
525,19540,0
944,335,0
73,10251,0
2018,16450,0
1996,19010,0
532,8070,0
1270,9302,0
700,17561,0
2446,12305,0
1987,5975,0
1534,7055,0
1931,7295,0
101,4501,0
2151,7336,0
1688,17244,0
2541,11272,0
2295,21434,1
1088,18584,0
2301,15128,0
222,1354,1
576,21693,0
1573,5415,1
1145,10788,0
1225,2075,0
333,7032,0
1172,17973,0
2018,20767,0
417,13427,0
466,16320,0
1103,5799,0
1284,15292,0
1429,15069,0
822,4728,0
753,7557,0
1888,19565,0
1927,10529,0
2430,8786,0
1661,8349,0
1789,5744,0
2069,1329,0
2297,10747,0
1988,17230,0
1104,1397,1
589,3547,0
1137,4429,1
1583,8262,0
684,19624,0
1939,15089,0
786,9288,0
2100,984,0
883,20152,0
1863,21325,1
459,12607,0
532,6033,0
688,4783,1
1528,4882,0
2394,13255,0
340,20607,0
1577,7565,0
2430,17203,0
1493,21342,0
661,12347,0
2220,19011,0
852,801,0
1952,1769,1
547,9303,0
1334,2621,0
871,15997,0
1262,12734,1
2248,8368,1
25,4965,0
2515,8528,0
458,21847,0
1963,6962,0
2305,1284,0
621,20241,0
1936,18140,1
1730,4670,0
698,17286,0
1508,5628,0
25,1035,0
2469,14950,0
1178,805,0
1871,14876,0
25,6972,0
581,260,0
621,87,0
195,5229,0
1699,13502,0
948,1204,0
576,13427,0
941,15836,0
417,9734,0
25,9095,0
1703,17701,1
2349,11968,0
101,2594,0
2025,12664,0
2125,16072,1
218,16183,0
2436,6182,0
91,17687,1
742,2788,0
509,1795,0
1030,14518,0
2305,853,0
1242,9301,0
1633,20778,0
95,13010,0
1408,18494,0
1631,5117,0
2322,3140,0
2349,5936,0
2342,638,1
1861,6115,0
2459,1907,0
1631,1183,0
967,2819,0
1498,19352,0
234,16574,0
1237,18769,0
1761,8642,0
1909,8,0
1600,7032,0
2272,14357,0
1502,7555,0
1688,17931,0
2085,2213,0
1927,12918,0
993,2689,0
2477,4884,1
2091,19150,0
1208,16935,1
65,15097,0
2243,15144,0
2484,15167,0
324,548,0
978,17939,0
759,6309,0
565,13179,0
2546,19779,0
1853,14402,0
67,115,0
280,17186,0
1132,820,0
1701,19647,0
664,18409,0
1528,4883,0
1813,15191,0
1509,8944,0
700,14680,0
2472,18444,0
684,16258,0
626,12474,0
1864,12322,0
2211,10218,0
1516,10798,0
1729,2880,0
1007,5702,0
339,15540,0
417,2819,0
753,10334,0
465,1308,0
1235,2781,0
1112,6829,0
1611,12696,0
1413,14668,0
117,9324,0
1529,14395,0
2117,19846,0
218,5034,0
1948,10328,0
1132,18200,0
883,5118,0
1860,7664,0
1719,15203,0
1995,16720,0
2160,14616,0
78,12347,1
1191,578,0
2075,12975,0
2082,10746,0
735,11723,0
53,14687,0
2100,76,0
2531,19976,1
1432,8692,0
2074,17803,1
1745,1551,0
1246,13967,0
418,11272,0
1073,12506,0
2012,17452,0
2219,245,1
1257,19283,0
2471,4728,0
2249,1237,0
2284,16633,0
1711,16373,0
576,17837,0
1407,21856,0
967,12781,0
1605,17892,0
2305,10529,0
2514,10644,0
41,10819,0
1132,806,0
1354,2300,0
618,22022,0
1668,686,0
1129,12643,0
928,18173,0
65,9138,0
2401,4328,0
2126,13664,0
2223,21098,0
1816,16912,0
582,8450,0
1183,19556,0
661,12589,0
417,304,0
1933,9137,0
2083,6577,0
1437,11704,1
1525,2549,0
898,1373,0
2250,17237,0
1711,17616,0
1293,14264,0
1077,7893,0
818,2982,0
73,12227,0
2094,2269,0
1656,6729,0
176,14826,0
944,10199,0
532,12098,0
1313,4774,0
944,12227,0
1512,20844,1
594,5229,0
2149,4784,1
1870,2898,0
1924,19550,0
1132,304,0
217,5274,1
769,12403,0
1342,3319,0
822,9734,0
1815,16666,0
1209,9717,1
822,16608,0
2260,2211,0
1125,12249,0
2484,3433,0
1955,17185,0
759,8381,1
1888,799,0
1141,9253,1
621,11120,0
528,21728,0
2056,6200,0
219,733,0
2020,286,0
1844,14077,0
299,734,0
2144,6742,0
53,6750,0
195,17637,0
1573,9467,0
58,20527,0
973,10763,0
2504,18200,0
1728,12561,0
528,13916,0
1653,7612,0
2546,13373,0
278,9063,0
2461,7240,0
1831,2754,0
932,2814,0
2146,8538,0
1209,7697,0
356,5119,0
1529,1441,1
1024,19648,0
954,1458,0
327,6745,0
32,806,0
2322,7082,0
1953,11438,1
1893,1159,0
1959,18444,0
353,10731,0
303,12936,0
466,17505,0
1413,12764,0
915,18622,0
1367,12146,1
879,1749,0
967,18200,0
1656,10726,0
509,7089,0
1208,17215,0
176,14737,0
1725,9399,0
841,7503,1
547,9295,1
81,17075,0
1145,2867,1
1882,18800,0
2340,11770,0
275,21152,0
1863,14724,0
2112,4733,0
69,20427,0
1132,19011,0
1178,18444,0
561,20121,0
1193,11956,0
2394,7261,0
1306,16837,0
2101,15843,1
935,930,0
187,19156,0
66,9690,0
1955,11693,0
353,2790,0
1132,17837,0
2405,13011,0
1594,20353,0
887,17505,0
1701,17603,0
1813,18170,0
975,5427,0
2488,10936,0
305,3319,0
2139,13830,0
1650,11230,0
1861,4883,0
1294,5967,0
725,16800,1
1014,13064,0
2349,2280,0
1605,18153,0
2394,30,0
1473,3248,1
1816,17741,0
1816,121,0
1832,13396,1
1897,5422,0
1016,20226,0
2133,765,0
79,17939,0
1229,3825,0
469,2720,1
1983,6913,1
2220,17203,0
1511,6552,0
1532,6754,0
1695,18493,0
2122,7860,0
81,16844,0
1498,3292,0
495,19863,0
396,5125,0
1044,18730,0
528,9234,0
2021,251,0
649,20785,0
2361,18507,0
572,4642,0
2071,6771,0
25,4966,0
1067,17381,0
1282,12449,0
1060,286,0
65,21927,0
2472,286,0
2018,15200,0
2236,3629,0
1140,12355,0
1425,13373,0
889,8826,0
2476,1006,0
671,6286,0
65,7141,0
1894,6856,0
1581,12098,0
1887,15667,0
735,18935,0
1605,14701,0
1372,151,0
2048,20715,0
187,12861,0
700,17203,0
1187,5479,1
2119,685,0
1910,1859,0
932,16910,0
177,14903,0
1140,9097,1
2079,15962,0
1718,6796,0
102,7768,0
1843,4900,1
672,2949,0
1825,13685,0
625,19011,0
1784,6430,0
1740,18604,0
2535,2279,0
2468,10812,0
2188,10605,0
1631,20757,0
2422,4598,0
2297,2822,0
1689,292,0
1463,2261,0
793,14015,0
1315,20251,0
22,16646,0
855,11142,0
883,4947,0
1429,6809,0
1190,10706,1
864,7113,0
62,15920,0
1529,2494,0
2238,15027,0
725,17147,0
597,4280,0
1605,10751,0
941,12221,0
639,2536,0
626,17846,0
1825,5955,0
648,4759,1
2396,16792,0
2048,8788,0
965,8235,0
1247,19369,0
1809,9036,0
1022,2632,0
339,11601,0
2332,14707,0
2390,2829,0
1760,18398,0
2119,4587,0
726,10508,0
2315,2142,0
905,19636,1
2126,15701,0
1592,267,0
108,21709,1
1583,15144,0
887,5349,0
1260,10622,0
339,13559,0
1145,14754,0
1933,15086,0
1553,7169,0
360,1595,0
1673,15267,0
1551,6893,0
2147,6250,0
1516,14759,0
2504,805,0
2305,14737,0
709,20455,0
1413,2788,1
2332,18444,0
735,12403,0
29,12060,0
895,8480,0
326,1474,0
1440,2654,0
700,14686,0
191,7208,0
1229,7131,0
13,1627,0
786,2829,0
2132,7358,1
1429,20858,0
1205,16169,0
1405,21292,0
2502,9955,0
737,21446,0
1282,13212,0
1621,16424,0
848,3153,1
1973,2945,0
507,15894,0
1167,21301,0
459,20827,0
2439,2880,0
1225,13302,0
582,21061,0
1399,18149,0
921,20639,0
2518,1527,0
176,3276,0
1210,1324,1
1344,20767,0
458,9323,0
1311,6829,0
337,13003,0
327,2828,0
21,12925,0
1507,10692,0
1656,2793,0
1477,2432,1
65,5118,0
887,2816,0
1132,8791,0
1530,3280,0
215,10596,0
1504,6840,0
2188,10606,0
561,20125,0
1193,4493,1
1468,10254,0
1996,21935,0
1695,17605,0
786,2827,0
1616,5677,0
2000,20322,0
1236,1450,0
495,19569,0
1564,6914,1
339,5575,0
2472,18443,0
1135,14949,0
887,8783,0
1413,10725,0
1560,20640,0
2472,17561,0
2322,5067,0
1850,17192,0
700,18165,0
626,21794,0
1542,10127,1
53,21811,0
2124,19231,0
1792,538,0
1154,1288,0
2020,17837,0
1260,20315,0
1175,18803,0
2260,11762,0
626,18507,0
857,7347,1
1988,2476,1
339,17017,0
2123,7771,0
2389,16598,0
1863,14726,0
337,9392,0
857,1368,0
90,12472,0
576,20715,0
353,19565,0
2265,5384,0
1334,14525,0
22,17579,0
672,5328,0
938,15252,1
1560,6399,0
1611,10669,0
2297,21933,0
211,400,1
178,14798,0
336,7733,0
883,7139,0
625,8786,0
634,8531,0
2542,13176,0
204,17234,0
852,14707,0
2149,8482,0
1630,6861,0
814,16318,0
856,20067,0
195,18583,0
2113,9288,0
312,13299,1
1178,10751,0
2504,286,0
20,16837,1
1700,21099,0
626,2818,0
550,19539,1
1454,4750,0
1594,13872,0
456,21792,0
2254,14185,0
1324,918,0
399,13754,0
1267,3945,0
1718,14756,0
1534,7056,0
1134,6753,0
1511,8612,0
1107,743,0
1631,9138,0
342,9323,0
2188,14565,0
975,7441,0
1850,17193,0
53,18443,0
34,10588,0
1412,16818,1
2071,14726,0
2449,5419,0
1454,832,0
1153,9238,0
2236,11638,0
1654,9467,0
322,5930,0
1701,16701,0
636,5571,0
722,14418,0
1245,20732,0
243,11800,0
1031,13438,1
2552,8306,0
1822,18321,0
2361,14707,0
1861,4882,0
2535,2840,0
1506,16666,1
382,2584,0
1252,9635,1
1657,17517,0
417,18507,0
1430,15354,0
2093,16311,1
184,18874,0
1888,14667,0
1178,801,0
745,15168,0
883,4979,0
1933,5117,0
1576,460,0
1605,18465,0
1488,57,0
2213,21798,1
2361,16598,0
829,8897,1
1809,17381,0
1531,18082,0
2422,696,0
702,2689,0
576,17203,0
2548,14767,0
307,2229,0
1176,4438,0
221,1772,0
1583,13928,0
2405,9006,0
2424,18658,0
683,10205,0
2392,13911,0
1583,12227,0
2020,20429,0
1125,18910,0
218,7056,0
281,20258,0
1071,14131,0
2294,10419,0
935,8891,0
2432,6754,0
719,9056,0
2069,20020,0
1605,4728,0
855,7163,0
1988,20512,0
1927,15270,0
2222,14701,0
485,18622,0
107,12090,1
2429,14246,0
2535,2837,0
1959,16608,0
2405,1033,0
936,14004,1
1191,5384,0
2477,6906,0
2221,11340,1
1740,17377,0
1134,8789,1
561,8791,0
2002,20957,0
599,13885,0
139,21687,0
176,853,0
1413,14667,0
1531,16546,0
2241,10582,0
924,2317,0
1413,19565,0
1426,14635,0
1988,19147,0
1296,21693,0
1806,3182,0
131,5595,1
887,9036,0
1081,21587,1
576,21811,0
2222,14691,0
683,3792,0
176,5328,0
742,10727,0
1508,10549,0
2305,5250,0
611,12403,0
1060,6740,0
787,8779,0
1839,5349,0
219,14613,0
1863,6772,0
615,11341,0
1845,1742,0
179,8545,1
2284,19451,0
621,1159,0
912,21382,0
693,222,0
2475,15182,0
2145,6754,0
683,9859,0
2056,21446,0
2078,68,0
305,15292,0
2001,8208,0
1851,843,0
742,8764,0
525,14463,0
2220,17892,0
2050,21912,1
429,15215,0
991,18129,0
575,1128,1
1695,17603,0
2127,11913,0
1163,4836,0
419,13253,0
720,11407,0
887,16317,0
626,14707,0
2372,14557,0
2461,13243,1
62,15919,0
818,979,1
1605,18443,0
735,12386,0
1225,8071,0
1257,20125,0
822,820,0
935,19022,0
1257,16333,0
1060,21693,0
1905,7800,1
217,984,0
742,14668,0
2371,1004,0
1119,9465,0
626,18165,0
1864,21852,0
1188,13158,0
1995,3878,0
1551,4875,0
2438,12841,0
856,16316,0
2149,20723,0
1297,1343,0
2097,14916,0
594,8687,0
2211,2723,0
814,18151,0
1815,17249,0
1850,7857,0
2510,3615,0
737,19569,0
1257,820,0
2407,15938,0
614,22045,1
893,11620,1
1413,118,0
681,7783,0
1711,20801,0
1194,6968,0
22,12640,0
588,20108,1
1334,6569,0
626,18153,0
2237,21187,0
1537,20343,0
2484,10902,0
781,17102,0
1740,13024,0
1699,17898,0
1901,8929,0
1016,18558,0
2237,11284,0
1525,4462,0
852,8791,0
1208,18170,1
626,21811,0
1007,15673,0
276,15426,1
722,6459,0
639,7371,1
1983,10894,0
1959,18465,0
382,18494,0
1833,9593,0
1571,6748,0
101,4499,0
2430,16608,0
625,18165,0
1699,18049,0
182,11396,0
629,15701,0
1711,17634,0
339,3592,0
720,19371,0
1888,2789,0
64,14520,0
1073,14418,0
636,3592,0
266,8908,0
19,17752,0
895,8479,0
2014,11740,1
2297,14691,0
1699,13499,0
1132,20125,0
1718,12846,0
434,20211,0
497,3071,0
594,11307,0
131,1642,0
561,18443,0
1689,18966,0
2082,10747,0
2166,18645,0
1995,3172,0
70,7758,0
1394,19580,1
691,17947,0
627,11014,0
889,4209,0
2365,14525,0
742,6729,0
1879,7976,0
122,3710,0
2263,6961,0
887,2815,0
2389,19011,0
925,10251,0
327,20715,0
741,3534,0
852,286,0
1060,14680,0
1652,14384,1
2395,2579,0
101,2593,1
852,21811,0
973,21568,1
199,3535,0
419,4019,0
2251,7167,0
1294,6262,0
1600,17858,0
1178,8236,0
519,8344,0
660,467,0
1522,1025,1
2322,1113,0
1418,19569,0
1716,17396,1
53,18153,0
1178,21566,0
1123,17358,0
1927,3276,0
983,18364,1
1016,13520,0
2472,18165,0
2481,3596,0
912,7767,0
1349,19977,0
1886,21417,0
1406,12301,0
1992,5207,0
1689,5498,0
1577,13540,1
1426,12714,0
70,16125,0
1342,13308,0
1660,11172,1
2272,6386,0
925,21876,0
2349,12226,0
869,2103,0
1711,17607,0
2504,21566,0
1145,13786,0
41,18719,0
2260,21872,0
2475,19908,0
2130,15842,0
2163,8468,0
2394,5215,0
2305,21952,0
1695,18240,0
1145,14755,0
1959,13427,0
1246,18358,0
2284,18186,0
898,11225,0
353,4711,0
2422,699,0
433,12366,0
2180,16342,0
1437,7022,0
280,16320,0
2265,15387,0
998,7266,0
1601,16455,0
2438,12840,0
2504,18444,0
34,3067,1
237,20434,0
1178,12474,0
2094,13088,0
626,8791,0
2542,5136,0
1483,8545,0
195,11254,0
1699,17936,0
2154,15176,0
2389,2825,0
1727,14918,1
541,4924,0
1771,235,1
2535,2839,0
661,7973,0
1178,8786,0
2284,18187,0
967,16608,0
665,14686,0
1959,21811,0
1246,2985,0
1246,7944,0
986,6669,1
1863,12818,0
428,4976,0
2357,15883,0
2507,19869,0
1605,14707,0
2391,14949,0
1560,19669,1
1536,12464,0
2097,6968,0
660,6362,0
1728,10151,0
509,1797,0
2475,21462,0
2191,13888,0
2428,8459,0
1209,1609,0
1927,5328,0
249,21092,0
2079,12023,0
576,18465,0
1062,14644,0
2220,6750,0
117,15295,0
2476,20149,0
429,3273,1
555,18712,0
898,5302,0
760,5419,0
1933,147,0
2394,21844,0
852,9734,0
2128,18103,0
271,15139,0
2150,3811,0
965,2807,0
688,8841,0
2517,10730,0
895,12463,1
1861,17193,0
2471,6743,0
353,12764,0
176,9253,0
1959,18152,0
1060,805,0
700,19011,0
1385,17914,0
1210,14012,0
2089,12657,0
1673,15265,0
911,12906,0
1132,21693,0
166,21693,0
2404,16729,0
1656,21979,0
1404,18622,0
2077,13916,0
278,18151,0
1007,155,0
1701,16455,0
2037,549,0
1242,6398,0
960,16173,0
539,1564,0
2220,806,0
2538,9392,0
2361,805,0
765,7441,0
822,17203,0
1153,9236,0
949,7361,0
2293,14511,0
1145,12851,0
1443,8301,0
2119,686,0
121,15906,0
1132,805,0
1511,4521,0
1539,4756,1
1957,19902,0
481,20817,0
1609,2509,1
1129,19249,0
612,14691,0
771,11539,0
2543,2533,1
222,5730,0
928,19902,0
599,12995,0
542,15084,0
1316,13912,0
557,6498,0
2311,14868,0
25,1034,0
1205,8313,0
337,11148,0
2394,13250,0
965,8775,0
1149,9531,0
353,10730,0
2371,10925,0
1611,114,0
1656,799,0
1348,6603,0
500,12544,1
664,11618,0
1132,14680,0
201,5535,0
2389,6740,0
1016,18495,0
2017,21674,0
310,2805,0
1641,20292,0
1246,20140,0
1462,16833,0
2051,19554,0
2391,21694,0
998,13255,0
896,6512,0
101,8601,0
1927,1284,0
222,17534,1
316,6417,0
2326,19268,1
1810,2729,0
1956,17084,0
22,20961,0
1435,3328,0
1172,18585,0
576,10751,0
1129,21802,0
2395,2584,0
228,18020,0
793,4044,0
2254,10245,0
2069,21698,0
2149,12851,0
2483,11841,1
1536,4044,0
1301,1653,0
1866,9388,0
564,17673,0
1060,6743,0
878,11077,0
53,14680,0
1852,1527,0
2365,18679,0
1481,4162,1
893,7594,0
1405,21757,0
1565,7775,0
2475,19352,0
1405,21423,0
214,14694,0
887,21955,0
2405,1035,0
22,17391,0
737,5936,0
2002,9004,0
577,9160,0
852,805,0
281,20993,0
102,5734,0
281,60,0
1169,13308,0
683,1850,0
1296,805,0
1560,9025,0
2000,12250,0
1695,17929,0
1466,11923,0
1796,14540,0
2055,5126,0
1631,21961,0
1225,4044,0
753,15310,0
148,18936,1
742,19280,0
970,20732,0
1507,6692,0
159,9709,1
2082,6998,0
1483,10144,0
922,3536,0
626,17892,0
681,21112,0
2069,21591,0
136,613,0
1382,18155,0
1536,8071,0
1651,20140,0
2326,11731,0
2260,9795,0
2405,9009,0
814,802,0
1708,16651,0
2538,6192,0
1301,11263,0
1933,13159,0
2069,11129,0
2305,8576,0
23,11991,0
967,8791,0
397,2949,0
466,20995,0
626,820,0
1070,18620,1
215,20078,0
376,19910,0
1761,4576,1
626,18444,0
2535,826,0
2179,18387,1
238,14451,0
557,1610,0
1761,2669,0
774,6952,0
1315,7783,1
2496,12024,1
896,854,0
2412,6401,0
974,10336,0
1235,14157,0
1067,16910,0
625,17203,0
32,6751,0
1768,7940,0
616,21190,0
397,957,0
1265,6412,0
1653,20784,0
700,2819,0
988,1749,0
904,9945,0
1686,11271,0
1267,1986,0
1711,18814,0
417,16333,0
214,8788,0
1145,871,0
95,1037,0
2149,8841,0
1528,250,0
178,20725,0
1966,10566,0
353,10729,0
1975,8180,1
1418,4752,0
636,8730,0
1284,13307,0
735,6362,0
1423,5571,0
257,13913,0
2002,4953,0
1905,5775,0
1549,15877,0
1169,1337,0
573,17558,0
40,12795,0
1338,16627,0
2472,820,0
934,13149,0
1672,4988,0
421,16820,0
960,10822,0
1229,2613,0
1861,18357,1
417,20429,0
1178,286,0
1893,7128,0
1366,5955,0
1699,16823,0
1424,4419,0
2472,21693,0
53,19011,0
1550,11325,0
794,21380,0
1242,11074,0
765,20239,0
2332,286,0
1779,9712,0
700,12781,0
201,9573,0
53,16598,0
688,14755,0
58,3549,0
944,12226,0
1504,4817,1
354,21296,0
1525,12543,1
2090,7295,0
759,14294,0
1701,17726,0
547,3301,0
2361,8786,0
1323,5249,0
1822,16798,0
1153,9239,0
1504,17420,0
2332,18165,0
1893,7126,0
823,10489,0
176,954,0
874,5644,1
1405,14177,0
1753,18340,0
561,18200,0
90,14402,0
88,18980,1
1169,15293,0
95,4953,0
1294,11988,0
2283,3707,0
1067,18151,0
2130,13856,0
313,8870,1
1178,2818,0
1016,17237,0
1188,3878,0
2546,16317,0
1119,3471,1
1864,11365,0
822,17892,0
2371,12980,0
2318,13035,0
2128,16274,0
181,3981,0
1154,3271,0
1405,772,0
1813,13242,0
792,8849,0
453,4892,1
65,21591,0
1468,10592,0
108,1311,0
246,13589,1
1695,18239,0
1564,12943,0
898,3348,0
2337,13186,0
625,21566,0
1605,18444,0
1870,12879,0
32,21322,0
199,5511,1
1400,18727,1
2538,10251,0
2328,17215,0
862,5782,1
53,14707,0
348,1190,0
1994,11433,0
1132,6740,0
1296,820,0
571,1341,0
2158,9026,1
1995,7147,0
41,10808,0
576,806,0
1060,16598,0
509,3756,0
382,19438,0
260,20837,0
1178,14701,0
1933,7138,0
1959,17892,0
244,2821,0
887,10741,0
2085,14128,0
1393,16923,0
683,18852,0
2332,16608,0
2126,21636,0
1060,18165,0
1443,385,0
2296,21820,0
215,14565,0
405,11922,0
348,1187,0
1064,21924,0
2149,12847,0
1209,3697,0
1247,14077,0
2504,16608,0
1334,10550,0
2488,5635,1
1257,2819,0
2504,6751,0
2220,805,0
2471,801,0
64,2487,0
1258,6742,0
2260,11771,0
2510,1060,0
557,10861,0
2192,10942,0
889,14679,0
2305,7693,0
585,19031,0
1963,6961,1
561,18153,0
787,4739,0
688,12851,0
896,15545,0
735,2651,0
2422,3371,0
765,11288,0
2389,8786,0
1218,8160,0
1226,5477,0
265,20891,0
480,14229,0
333,16617,0
935,9896,0
1131,11691,0
2517,8763,0
671,17577,0
2465,7366,0
823,6746,0
73,20324,0
576,17846,0
2006,7708,0
1188,9142,0
387,1160,0
125,4861,0
99,4526,0
2365,6569,0
172,14392,0
636,6681,0
1994,4867,0
1711,16900,0
41,2888,0
627,8788,0
1621,16058,1
2150,21343,1
69,1661,0
992,1342,0
2021,17788,0
1532,11014,0
2412,6115,0
1016,14346,0
921,2449,0
1260,10755,0
484,21912,0
1979,12919,0
1779,760,0
1805,9613,0
469,17498,0
1136,18031,0
2541,3296,0
1864,21612,0
988,17858,0
122,15661,0
1525,710,0
2405,6972,0
2393,10368,0
1257,18200,0
2123,19410,0
2305,19231,0
1601,20217,0
1447,8947,0
2322,8708,0
1218,15268,0
1382,14492,0
557,21998,0
1294,13944,0
794,19669,0
219,14614,0
998,5211,0
66,1708,0
1833,19652,0
1594,4395,0
753,4858,0
1390,16162,0
757,12380,0
1806,16932,0
13,12080,0
2332,17203,0
1812,6324,0
1260,20314,0
2069,8809,0
887,19779,0
2349,12227,0
1959,6743,0
1921,10301,0
2504,18465,0
417,19011,0
1229,6427,0
2229,12848,0
2082,11013,0
462,14701,0
1939,19880,0
955,4702,1
2126,21964,0
2332,18465,0
1418,826,0
1621,17600,0
1468,10148,0
1365,16173,0
1502,9913,0
1835,5151,0
41,18720,0
2341,13095,0
665,12785,0
996,2750,1
2191,10473,0
1228,11499,0
243,7799,0
1939,18466,0
1699,17276,0
1484,21490,0
2507,7055,0
2395,2580,0
537,12774,0
935,21129,0
219,8696,1
852,20125,0
1699,17615,0
253,14131,0
1530,12831,0
1502,5842,0
2504,20121,0
2365,8617,0
182,15920,0
1338,19981,0
2090,19352,0
2052,2300,0
611,467,0
1701,17546,0
1578,3323,1
1132,9734,0
1498,19394,0
2090,9283,0
1660,15139,0
700,20715,0
1483,7538,0
1370,5172,1
2331,3290,0
1424,8192,1
636,5325,0
1354,9846,0
2405,14930,0
1062,13373,0
2296,14791,0
2430,8791,0
576,18153,0
1132,4728,0
2549,14193,0
56,6396,0
790,19691,0
1699,17874,0
1225,15996,0
950,15942,1
178,10843,0
1282,11195,0
1129,19793,0
822,17837,0
639,14055,0
2149,12850,0
2361,9734,0
2538,8246,0
1429,1304,0
388,7116,0
2361,4728,0
2101,7931,0
225,6587,0
684,17573,1
889,2790,0
2018,20768,0
563,18915,1
1978,2278,0
2544,18025,0
1060,806,0
2283,11706,0
558,5883,1
1552,9156,1
1987,10905,1
2322,8450,0
248,14898,0
2222,14686,0
1132,801,0
2293,4520,0
72,6043,0
1106,8827,0
626,20121,0
1860,3973,0
2349,10251,0
759,6310,0
2504,17892,0
1425,14644,0
1983,8933,0
1060,18153,0
1718,4780,0
1718,874,0
2089,4587,0
2272,14657,0
1354,17577,0
598,14091,0
1125,6212,0
949,9368,0
25,1038,0
853,2826,0
1342,9324,0
2336,16442,0
2033,644,0
1225,12059,0
1631,15087,0
1534,3120,0
70,13714,0
542,15021,0
1462,17412,0
2465,21734,0
1067,17184,0
417,806,0
2021,17374,1
73,6997,0
1338,17543,1
1511,6551,0
226,15314,0
79,2306,0
1229,1628,0
570,5426,0
320,2269,0
967,8786,0
2517,10729,0
594,11254,0
53,12781,0
2112,12785,0
73,3035,0
822,2819,0
2180,18651,0
2342,2270,0
1211,17850,0
960,14487,0
130,6836,0
501,20182,0
617,14462,0
1354,18863,0
353,14169,0
2297,6748,0
1695,16651,0
166,18444,0
1705,2758,0
1344,2139,0
723,9675,1
896,5250,0
1016,18186,0
1530,18217,0
1502,18895,0
337,16323,0
1983,12950,0
226,10098,0
1074,20740,1
2431,19010,0
2152,8414,0
1067,20067,0
40,4730,0
1048,21010,0
973,2840,0
973,19569,0
2208,3468,0
924,10277,0
1190,21563,0
2431,21936,0
1197,4,0
1630,10852,0
2497,19525,1
900,20993,0
327,6742,0
1793,9737,0
1145,2872,0
2216,8570,0
1699,289,0
576,20429,0
2147,14228,0
565,17702,0
284,2683,0
2272,12421,0
2220,8236,0
1429,7206,0
2002,19591,0
1073,14421,0
2144,6745,0
2224,14701,0
2483,15781,0
896,3276,0
1475,15682,0
992,5118,0
2305,951,0
1653,7552,0
1132,16333,0
226,7131,0
2449,3466,0
2293,4525,0
2504,8236,0
546,12697,0
101,1978,0
56,20182,0
1654,5414,0
693,8065,0
315,7705,1
742,12769,0
2349,335,0
1136,16963,0
1706,17026,1
1711,17898,0
2260,5737,0
1536,10087,0
688,6797,0
1508,14531,0
22,1347,0
19,11239,0
1241,17237,0
2472,20429,0
1016,18821,0
1532,22071,0
683,9853,0
950,19173,0
2479,10669,1
417,6740,0
244,14686,0
688,4715,0
684,15210,0
65,9137,0
2476,14883,0
670,15888,0
226,7665,0
719,8319,0
994,3296,0
576,16608,0
1761,10602,0
19,3060,0
547,1317,0
573,17889,0
219,732,0
356,9139,0
1354,11519,0
660,18935,0
1952,5708,0
1133,10754,0
25,6981,0
1296,18507,0
2394,21057,0
1229,9645,0
944,2280,0
573,16964,0
342,9326,0
1983,20729,0
2365,5628,0
2405,8669,0
1344,21729,0
278,5349,0
417,20125,0
883,4976,0
1484,20496,0
2476,6955,1
1673,13281,0
2080,16295,1
869,4100,0
2371,10923,1
2449,1477,0
2225,14657,0
2293,21146,0
627,14694,0
634,19840,0
1509,5274,0
968,15233,0
1608,7259,0
2461,7243,0
148,16350,1
2430,4728,0
1242,21061,0
1511,21680,0
2002,20448,0
1531,17124,0
1430,3393,0
2264,19564,0
1088,16129,0
672,9253,0
2430,18200,0
1289,20260,0
2548,3616,0
495,5799,0
1879,625,0
333,1749,0
1067,19780,0
576,19283,0
2276,12760,1
417,17203,0
1837,7433,0
2126,7015,0
572,733,0
1344,19124,0
688,10785,0
2424,15664,0
1673,11275,0
2126,15649,0
684,10813,0
1508,19514,1
22,16363,0
2517,2793,0
626,17837,0
2390,9288,0
1532,11013,0
1438,1841,0
896,2948,0
626,14687,0
457,2035,0
1509,20731,0
1668,12656,0
429,11237,0
975,13414,0
67,14615,0
490,5529,0
2051,20778,0
693,12610,0
805,14293,0
58,1571,0
1413,4209,0
382,12584,0
2085,21168,0
2405,6980,0
688,873,0
481,14852,0
2265,8468,0
793,8071,0
557,12534,0
626,20429,0
584,4868,0
978,20224,0
2517,19565,0
451,17056,0
1959,2819,0
1961,8373,0
2405,4963,0
2523,10365,1
1839,16597,0
194,6876,1
2297,10746,0
1592,1251,0
1440,669,0
2504,13427,0
79,18557,0
879,7032,0
797,6508,1
1315,2853,0
856,17381,0
1805,11592,0
1621,16628,0
2504,20715,0
95,10966,1
781,18203,0
625,16598,0
1077,9088,0
1966,10568,0
912,5732,0
1707,19521,0
389,16342,0
967,17203,0
934,698,0
126,21663,0
1647,16428,0
2126,8868,0
166,6740,0
625,304,0
399,21559,0
1560,20743,0
1927,19231,0
2260,11763,0
1863,6771,0
2536,12333,1
102,21109,0
522,14014,1
2546,16597,0
65,3176,0
2371,6949,0
1699,18205,0
1367,3647,0
1391,4885,0
792,6397,0
217,9332,0
625,17846,0
1581,16040,0
545,9656,0
1413,2790,0
576,2819,0
1844,20809,0
576,304,0
159,13652,0
915,20607,0
2220,18465,0
1891,15304,1
352,17173,0
351,10048,1
215,8643,0
2092,1862,0
1549,7953,0
1197,15282,0
2472,18153,0
79,19451,0
1934,19942,0
1241,18495,0
421,21667,0
656,10559,0
40,14694,0
617,4475,0
1296,18465,0
1647,20800,0
1298,8455,1
1129,12648,0
58,3547,0
1683,744,0
2031,11752,0
757,2407,0
884,17167,0
1153,13244,0
887,8784,0
2048,14694,0
526,6892,0
1932,6200,0
1413,8764,0
1334,6567,0
2235,7222,0
700,14707,0
1737,12280,0
2361,17561,0
1955,16511,0
2293,6551,0
993,10754,0
978,17238,0
417,16608,0
1145,4787,1
2090,5234,0
1418,20654,0
925,21757,1
1571,14949,0
2305,8575,0
757,2408,0
588,14898,0
1246,15310,0
909,19227,0
2469,21713,0
1294,14247,0
922,11537,0
1520,8559,0
2021,17451,1
388,1450,1
816,12327,0
932,16316,0
683,5787,0
2368,15351,1
2027,15977,0
226,18895,0
1931,1257,0
145,10615,0
625,286,0
2374,6183,0
814,2813,0
670,8590,0
2020,18444,0
1536,10529,0
2260,21382,0
1121,9717,0
1689,17874,0
1178,14687,0
1959,17203,0
353,12765,0
187,14758,0
1237,21921,0
2094,8795,0
771,5517,1
1564,6913,0
1502,7665,0
1354,6500,0
856,18151,0
1931,15182,0
2342,639,0
525,4474,0
330,13536,0
25,14920,0
429,13256,0
2216,15884,0
1790,19800,1
1979,10870,0
1959,806,0
475,12745,0
1014,7029,0
2305,4470,0
166,17561,0
1686,20038,1
986,4642,0
21,7853,0
1443,8288,0
289,16709,0
1320,884,1
886,10752,0
2218,17517,0
225,6590,0
770,618,0
2422,1256,0
1951,10895,0
620,6715,0
2469,8314,0
1882,5842,0
1605,6750,0
2412,17188,0
572,2727,0
1600,16617,0
40,15969,0
2077,76,0
1009,780,1
896,3099,0
693,4529,0
2147,12295,0
53,20121,0
702,4739,0
1688,1349,0
117,1338,0
2222,2829,0
852,18465,0
700,18444,0
25,20448,0
1096,12116,0
1875,19224,0
1405,10938,0
1044,3009,1
1910,12617,0
417,18444,0
185,5930,0
1211,267,0
2230,10622,0
884,17172,0
79,18495,0
973,836,0
709,18742,0
2220,304,0
672,3546,0
852,18443,0
1056,8015,0
1365,2959,0
935,1198,0
36,2991,0
912,11771,0
2349,2279,0
489,768,0
219,731,0
1323,6381,0
1605,16608,0
342,9324,0
1145,10791,0
2216,20081,0
719,10405,0
1594,14395,0
529,17879,1
2390,14691,0
84,5466,0
1713,17122,0
1739,5607,0
570,9470,0
1772,7233,0
582,8451,0
582,9297,0
1296,286,0
2471,20125,0
661,8607,0
853,6747,1
922,1561,0
1942,3468,0
2191,8795,0
1066,8297,1
166,20429,0
1805,3593,0
172,7297,0
2340,3758,1
992,14916,0
1071,7568,0
25,6528,0
1454,6759,0
1810,20699,0
1945,2632,0
348,19614,0
397,14829,0
2322,13152,0
979,9553,1
742,8775,0
1729,10806,0
2049,18415,0
557,10902,0
1809,16320,0
2077,20191,0
926,4426,1
1468,2665,0
2216,8319,0
2251,3885,0
1548,20194,0
811,12394,0
176,10529,0
38,20198,0
280,4724,0
1738,20132,1
561,304,0
2211,20417,0
462,14690,0
2283,1736,0
1714,19108,0
895,2492,0
414,9528,0
2438,4769,0
1291,19085,0
814,17506,0
1927,13253,0
652,6708,1
967,16598,0
1816,7233,0
1943,15780,1
721,10189,0
2404,17704,0
1060,16608,0
144,625,0
2405,6981,0
2127,16035,0
495,19835,0
2284,2306,0
993,14690,0
2112,10744,0
1944,18666,0
688,4782,0
688,18717,0
41,10807,0
173,1249,1
2265,4094,0
1927,5249,0
1842,14840,0
745,11811,0
1211,16347,0
1606,18687,1
2105,10505,0
1093,17690,0
688,2867,0
1365,15247,0
1816,20675,0
29,15291,0
2082,12789,0
579,3127,0
1809,19779,0
1269,10497,0
1601,5497,0
672,5250,0
1218,5268,0
2342,641,0
25,1033,0
1806,8861,0
1067,19779,0
1626,13619,1
2471,12781,0
2299,9096,0
1141,13254,0
1129,2670,0
2081,21935,0
2018,11230,0
1768,15860,0
92,14691,0
1711,17548,0
2441,1609,0
1241,20226,0
1560,8846,0
577,21736,1
2071,12822,0
1242,2465,1
1504,10735,0
1241,18558,0
97,15904,1
822,18152,0
1740,17376,0
1463,3945,0
967,4728,0
1882,8255,0
1927,19026,1
700,21566,0
1432,15920,0
547,21478,0
65,8836,0
3,21424,0
2349,10199,0
565,14482,0
15,17364,1
541,1002,0
1525,11087,0
2439,14765,0
944,14190,0
660,4867,0
95,14920,0
938,9286,0
1169,9326,0
1839,17506,0
417,12781,0
1939,11134,0
582,10950,0
281,7824,1
1516,4797,0
310,15836,0
896,14736,0
2220,17837,0
2322,6398,0
2507,1093,0
101,620,0
719,7233,0
1257,18465,0
2332,18200,1
2361,19011,0
2360,7249,1
165,4732,0
348,1188,0
1106,8828,0
176,7693,0
1257,21693,0
1226,11499,0
208,6710,0
1463,7574,0
1242,5072,0
166,2819,0
1377,12161,1
1978,15144,0
979,20732,0
215,2666,0
1809,18151,0
2361,2819,0
1377,11802,0
2054,3602,0
1508,8617,0
2112,14690,0
1225,12060,0
2090,1301,0
2548,4869,0
1393,17130,0
1845,7712,0
688,6799,0
2361,801,0
1529,4395,0
700,9734,0
79,17549,0
660,12273,0
1937,18719,0
79,18558,0
1631,1185,0
446,5774,1
1242,1114,0
1475,8650,1
703,3907,0
353,10725,0
92,12789,0
326,11440,0
1959,18507,0
1270,7313,0
1972,15541,0
904,20181,0
1167,8422,0
1418,4750,0
2094,14487,0
1405,10251,0
1429,8593,0
1295,4478,0
305,19748,0
793,4043,0
1169,15294,0
943,11353,0
2055,15107,0
472,15367,1
1393,18382,0
1296,2819,0
1630,8897,0
1713,21093,1
235,5960,0
2322,5072,0
2372,10568,0
1933,15083,0
2457,16274,0
225,107,0
